번호,DAY,단어,원문 단어,한자,한자 뜻풀이,출처,품사,뜻
0001,DAY 01,양상,양상08,樣相,"모양 양, 서로 상",2016수능A,명사,"(1) 사물이나 현상의 모양이나 상태. ≒ 양
22(樣)(2).
¶ 소설의 시대별 양상 / 다채로운 양상을 띠다. / 복잡한 양상을 보이다
(2) {논리} 판단의 확실성. 일정한 판단의 타당한 정도를 이른다."
0002,DAY 01,알짜,알짜,,,2016수능A,명사,"(1) 여럿 가운데 가장 중요하거나 훌륭한 물건.
¶ 알짜가 쏙 빠지다. / 알짜만 남기다.
(2) 실속이 있거나 표본이 되는 것.
¶ 오 서방은 송곳 하나 꽂을 땅이 없는 알짜 소작인이었다.
≪채만식, 소년은 자란다≫"
0003,DAY 01,물체,물체,物體,"만물 물, 몸 체",2016수능A,명사,"(1) 구체적인 형태를 가지고 있는 것.
¶ 무거운 물체 / 방구석에 이상한 물체가 눈에 띄었다.
(2) 물건의 형체.
¶ 물체가 선명히 보이다.
(3) {철학} 정신이나 의식이 없는 유형물. 삼차원적인 공간을 차지하고 있는 형성물로서, 공
간적 부피를 가진 것을 이른다."
0004,DAY 01,평형,평형02,平衡,평평할 평저울대 형,2016수능A,명사,"(1) 사물이 한쪽으로 기울지 않고 안정해 있음.
¶ 평형이 깨지다 / 심리적 평형 상태를 유지하다 / 그는 마음의 평형을 잃고 흥분
했다.
(2) 몸을 굽혀 머리와 허리가 저울대처럼 바르게 하는 절.
(3) 저울대가 수평을 이루고 있음.
(4) {물리} 물체 사이에 서로 작용하는 힘과 회전력이 서로 비기어 크기가 전혀 없음. 또는
그런 상태."
0005,DAY 01,대역,대역06,帶域,"띠 대, 지경 역",2016수능A,명사,{물리} 어떤 폭으로써 정해진 범위. 최대 주파수에서 최저 주파수까지의 구역을 말한다.
0006,DAY 01,요구,요구03,要求,"구할 요, 구할 구",2016수능A,명사,"(1) 받아야 할 것을 필요에 의하여 달라고 청함. 또는 그 청.
¶ 요구 사항 / 요구 조건 / 요구에 응하다
(2) {법률} 어떤 행위를 할 것을 청함.
¶ 증인 출두 요구.
(3) {심리} 유기체의 행동을 일으키게 하는 생활체의 내부 원인. 생리적 · 심리적 기관에 생
기는 모자람을 보충하거나 또는 과잉을 배제하려고 하는 과정이다."
0007,DAY 01,필요,필요,必要,"반드시 필, 구할 요",2016수능A,명사,"반드시 요구되는 바가 있음. ≒ 수요03(須要).
¶ 필요 물품 / 어떻게든 전반적인 사정과 북쪽의 동정을 정확하게 알아야 할 필요
가 생겼다. ≪이병주, 지리산≫"
0008,DAY 01,방법,방법,方法,"모 방, 법 법",2016수능A,명사,"(1) 어떤 일을 해 나가거나 목적을 이루기 위하여 취하는 수단이나 방식.
(2) {철학} 객관적 진리에 이르기 위하여 사유 활동을 행하는 방식. 곧 사유 대상을 다루는
법을 이른다."
0009,DAY 01,토대,토대,土臺,"흙 토, 돈대 대",2016수능A,명사,"(1) {건설} 목조 건축에서, 기초 위에 가로 대어 기둥을 고정하는 목조 부재.
(2) {건설} 모든 건조물 따위의 가장 아랫도리가 되는 밑바탕. ≒ 지반
01(地盤)(4)·흙바탕(3).
(3) 어떤 사물이나 사업의 밑바탕이 되는 기초와 밑천을 비유적으로 이르는 말."
0010,DAY 01,선험적,선험적,先驗的,"먼저 선, 증험할 험, 어조사 적",2016수능A,"관형사, , 명사","{철학} 경험에 앞서서 인식의 주관적 형식이 인간에게 있다고 주장하는. 또는 그런 것. 대상
에 관계되지 않고 대상에 대한 인식이 선천적으로 가능함을 밝히려는 인식론적 태도
를 말한다.
¶ 마치 선험적으로 알고 있었던 듯한 착각마저 든다. ≪이호철, 문≫"
0011,DAY 01,논증,논증02,論證,"말할 론, 증거 증",2016수능A,명사,옳고 그름을 이유를 들어 밝힘. 또는 그 근거나 이유.
0012,DAY 01,개연성,개연성,蓋然性,"덮을 개, 그럴 연, 성품 성",2016수능A,명사,"{논리} 절대적으로 확실하지 않으나 아마 그럴 것이라고 생각되는 성질.
¶ 개연성이 있다. / 개연성이 없다. / 오류 발생의 개연성이 크다. / 이 교통사고는
운전자의 부주의로 일어났을 개연성이 높다."
0013,DAY 01,소송,소송01,訴訟,"하소연할 소, 송사할 송",2016수능A/B,명사,"{법률} 재판에 의하여 원고와 피고 사이의 권리나 의무 따위의 법률관계를 확정하여 줄 것을
법원에 요구함. 또는 그런 절차. 민사 소송, 형사 소송, 행정 소송, 선거 소송 따위가
있다. ≒ 송사
03(訟事)(1)·송소(訟訴)·송옥
02(訟獄).
¶ 소송에 걸리다. / 요즘 불법 복제에 대한 소송이 잇따라 제기되고 있다. / 그는
소송에서 패소하여 징역을 살았다."
0014,DAY 01,기미,기미05,機微,"틀 기, 작을 미",2016수능A/B,명사,"어떤 일을 알아차릴 수 있는 눈치. 또는 일이 되어 가는 야릇한 분위기. ≒ 기미
05(幾微)·기
수17(幾數).
¶ 낌새가 이상하다. / 미심쩍은 낌새가 보이다. / 낌새를 맡다."
0015,DAY 01,승소,승소02,勝訴,"이길 승, 하소연할, 소",2016수능A/B,명사,"{법률} 소송에서 이기는 일. 소송 당사자의 한 편이 자기에게 유리한 판결을 받는 일이다. ≒
득결(得決)·득송(得訟). (반)패소.
¶ 승소 판결 / 재판에서의 승소로 명예를 회복했다."
0016,DAY 01,난제,난제,難題,"어려울 난, 표제 제",2016수능A/B,명사,"해결하기 어려운 일이나 사건. ≒ 난문
04(難問)(2)."
0017,DAY 01,지급,지급01,支給,"가를 지, 넉넉할 급",2016수능A/B,명사,"(1) 돈이나 물품 따위를 정하여진 몫만큼 내줌. ≒ 방지05(放支).
¶ 이자 지급 / 위문품 지급 / 회사 자체의 운영난으로 몇 개월씩 돈 지급 기간이
늦어질 때도 있는데, 이때에는 이 할 공제까지 하여 전표를 팔 때도 있었다.
≪황석영, 어둠의 자식들≫
(2) {법률} 채무를 변제하기 위하여 금전이나 어음 따위를 채권자에게 줌. (반) (1)수취
03."
0018,DAY 01,만료,만료,滿了,"찰 만, 마칠 료",2016수능A/B,명사,"기한이 다 차서 끝남.
¶ 임기 만료."
0019,DAY 01,임대인,임대인,賃貸人,"품팔이 임, 빌릴 대, 사람 인",2016수능A/B,명사,{법률} 임대차 계약에 따라 돈을 받고 다른 사람에게 물건을 빌려준 사람. (반)임차인.
0020,DAY 01,선고,선고04,宣告,"베풀 선, 알릴 고",2016수능A/B,명사,"(1) 선언하여 널리 알림.
¶ 퇴장 선고
(2) {법률} 공판정에서 재판장이 판결을 알리는 일. 이로써 재판의 효력이 생기며 판결 원본
을 낭독하고 필요한 경우에는 이유의 요지를 설명하여야 한다. ≒ 언도.
¶ 벌금 선고 / 무죄 선고."
0021,DAY 01,부가,부가02,附加,"붙을 부, 더할 가",2016수능A/B,명사,"주된 것에 덧붙임.
¶ 부가 정보 / 부가 기능."
0022,DAY 01,형성,형성01,形成,"모양 형, 이룰 성",2016수능A/B,명사,"어떤 형상을 이룸.
¶ 자본 형성 / 고대 국가의 형성 / 민족의식의 형성과 전개."
0023,DAY 01,지시,지시02,指示,"손가락 지, 보일 시",2016수능A/B,명사,"(1) 가리켜 보임.
(2) 일러서 시킴. 또는 그 내용.
¶ 지시 사항 / 지시가 내리다. / 지시에 따르다. / 지시를 받다. / 상부의 지시를
기다리다
(3) {법률} 상급 기관이 하급 기관에 대하여 개별적이고 구체적으로 발하는 행정 규칙.
(4) {법률} 증권에 기재한 내용에 따라 어떤 사람을 권리자로 지정하는 일."
0024,DAY 01,경유,경유02,經由,"날 경, 말미암을, 유",2016수능A/B,명사,"(1) 어떤 곳을 거쳐 지남.
¶ 일본 경유 미국행 비행기.
(2) 사무 절차에서 어떤 부서를 거쳐 지남."
0025,DAY 01,사유,사유07,事由,"일 사, 말미암을, 유",2016수능A/B,명사,"일의 까닭. ≒ 연고
05(緣故)(1)·연유
06(緣由)·정유
05(情由).
¶ 사유를 묻다. / 사유를 밝히다. / 그가 영달의 고모를 아내로 맞이한 데는 그만
한 사유가 있었다. ≪김춘복, 쌈짓골≫"
0026,DAY 01,성취,성취02,成就,"이룰 성, 이룰 취",2016수능A/B,명사,"목적한 바를 이룸.
¶ 소원 성취 / 성취 의욕"
0027,DAY 01,작성,작성01,作成,"지을 작, 이룰 성",2016수능A/B,명사,"(1) 서류, 원고 따위를 만듦.
¶ 시간표 작성 / 서류 초안 작성 / 보고서 작성 / 프로그램 작성 / 기사 작성 /
계약서 작성.
(2) 운동 경기 따위에서, 기록에 남길 만한 일을 이루어 냄.
¶ 신기록 작성."
0028,DAY 01,국한,국한01,局限,"판 국, 한계 한",2016수능B,명사,"범위를 일정한 부분에 한정함. ≒ 한국
02(限局)."
0029,DAY 01,통제,통제02,統制,"큰 줄기, 통, 마를 제",2016수능B,명사,"(1) 일정한 방침이나 목적에 따라 행위를 제한하거나 제약함.
¶ 교통 통제 / 출입 통제 / 통제를 풀다
(2) 권력으로 언론·경제 활동 따위에 제한을 가하는 일.
¶ 언론 통제 / 물가 통제."
0030,DAY 01,거론,거론,擧論,"들 거, 말할 론",2016수능B,명사,"어떤 사항을 논제로 삼아 제기하거나 논의함.
¶ 이것은 더 이상 거론의 여지가 없는 문제이다."
0031,DAY 02,이상,이상09,理想,다스릴 이생각할 상,2016수능B,명사,"(1) 생각할 수 있는 범위 안에서 가장 완전하다고 여겨지는 상태.
¶ 이상을 향한 열정 / 높은 이상을 품다 / 이상을 실현하다 / 자넨 이미 이상으로
만 달아 있는 청년이 아니야. 현실에 몸담고 있는 성년이란 말일세.
≪이문열, 영웅시대≫
(2) {철학} 생각할 수 있는 가장 완전한 상태. 절대적인 지성이나 감정의 최고 형태로 실현
가능한 상대적 이상과 도달 불가능한 절대적 이상으로 구별할 수 있다."
0032,DAY 02,폄하,폄하,貶下,"떨어뜨릴, 폄, 아래 하",2016수능B,명사,"(1) 가치를 깎아내림.
¶ 패주로서의 의자왕은 마땅히 그 국멸의 책임을 짊어져야 할 군왕으로서 가차 없
는 폄하가 감수되고 있는 것이었다. ≪이청준, 춤추는 사제≫
(2) {역사} 치적이 좋지 못한 수령을 하등으로 깎아내리던 일."
0033,DAY 02,통용,통용,通用,"통할 통, 쓸 용",2016수능B,명사,"(1) 일반적으로 두루 씀.
¶ 화폐의 통용
(2) 서로 넘나들어 두루 씀."
0034,DAY 02,강제,강제01,强制,"굳셀 강, 마를 제",2016수능B,명사,"권력이나 위력(威力)으로 남의 자유의사를 억눌러 원하지 않는 일을 억지로 시킴.
¶ 강제 노동 / 강제 노역 / 강제 동원 / 강제 모병 / 강제로 일을 시키다"
0035,DAY 02,무지,무지06,無知,"없을 무, 알 지",2016수능B,명사,"(1) 아는 것이 없음.
¶ 무지를 깨우치다. / 무지를 자각하다. / 그것은 실로 가난과 무지가 낳은 비극이
었다.
(2) 미련하고 우악스러움."
0036,DAY 02,무모하다,무모하다02,無謨,"하다, 없을, 무, 꾀, 모",2016수능B,형용사,"앞뒤를 잘 헤아려 깊이 생각하는 신중성이나 꾀가 없다.
¶ 무모한 시도 / 무모한 짓 / 깊은 강물에 무모하게 뛰어들다."
0037,DAY 02,독선적,독선적,獨善的,"홀로 독, 착할 선, 어조사 적",2016수능B,"관형사, , 명사","자기 혼자만이 옳다고 믿고 행동하는 성향을 가진. 또는 그런 것.
¶ 독선적 성격 / 그의 가장 큰 약점은 지나치게 독선적이라는 데 있다."
0038,DAY 02,지적,지적01,知的,"알 지, 어조사 적",2016수능B,"관형사, , 명사","지식이나 지성에 관한. 또는 그런 것.
¶ 지적 능력 / 아이의 가족들은 사려가 깊고 지적 수준이 높습니다.
≪이원규, 훈장과 굴레≫"
0039,DAY 02,경영,경영02,經營,"날 경, 경영할 영",2016수능B,명사,"(1) 기업이나 사업 따위를 관리하고 운영함. ≒ 경기
06(經紀)(2).
¶ 경영 능력 / 경영의 합리화 / 회사의 경영 / 소유와 경영을 분리하다.
(2) 기초를 닦고 계획을 세워 어떤 일을 해 나감.
¶ 너는 네 생명이 속절없고 너의 직무, 너의 경영이 허무하다는 것을 알지 못하느
냐? ≪이양하, 이양하 수필선≫
(3) 계획을 세워 집을 지음.
¶ 동빈은 매달 변리만을 사십여 원씩 물어 나가는 것인데 동빈의 사업이란 주택지
경영이었다. ≪이태준, 화관≫"
0040,DAY 02,변환,변환03,變換,"변할 변, 바꿀 환",2016수능B,명사,"(1) 달라져서 바뀜. 또는 다르게 하여 바꿈.
¶ 변환 과정 / 변환을 가하다.
(2) {물리} 어떤 핵종(核種)이 다른 원소의 핵종으로 바뀜. 또는 그런 과정.
(3) {수학} 어떤 수식, 함수, 관계식 따위에서 하나 또는 여러 개의 변수를, 모든 위치에서
제각기 특정한 다른 변수 또는 변수를 포함한 다른 수식, 함수로 바꾸는 일.
(4) {수학} 일정한 법칙에 따라 기하학적 도형의 위치, 크기를 바꾸는 일. 도형의 평행 이동,
회전, 비례 변형 따위가 있다."
0041,DAY 02,파악,파악01,把握,"잡을 파, 쥘 악",2016수능B,명사,"(1) 손으로 잡아 쥠.
¶ 나는 그녀의 손을 쥐고 있는 나의 손에 더욱 강한 파악의 힘을 가하여 끌어당겼
다. ≪박경수, 동토≫
(2) 어떤 대상의 내용이나 본질을 확실하게 이해하여 앎.
¶ 인원 파악 / 검찰은 사건의 진상 파악에 나섰다. / 그는 눈치가 없어 분위기 파
악을 못했다. / 경찰은 용의자들의 신원 파악을 서둘렀다. / 그는 중대장으로 임
명된 이상 사 개 소대의 현황 파악이 급선무였다. ≪홍성원, 육이오≫"
0042,DAY 02,체화,체화03,體化,"몸 체, 될 화",2016수능B,명사,"(1) 물체로 변화함. 또는 물체로 변화하게 함.
(2) 생각, 사상, 이론 따위가 몸에 배어서 자기 것이 됨.
¶ 교수는 철학은 개념의 추상화가 아니라 몸을 통한 체화의 과정임을 강조했다."
0043,DAY 02,수반,수반07,隨伴,"따를 수, 짝 반",2016수능B,명사,"(1) 붙좇아서 따름.
(2) 어떤 일과 더불어 생김."
0044,DAY 02,가시적,가시적,可視的,"옳을, 가, 볼 시, 어조사, 적",2016수능B,"관형사, , 명사","눈으로 볼 수 있는. 또는 그런 것.
¶ 가시적 노력 / 가시적 성과 / 내 작품은 가시적 아름다움보다 내면의 아름다움을
추구한다. / 이번 회담에서 구체적이고 가시적인 결과를 도출할 수 있기를 기대
한다."
0045,DAY 02,배제,배제03,排除,"밀칠 배, 섬돌 제",2016수능B,명사,"받아들이지 아니하고 물리쳐 제외함.
¶ 폭력의 배제."
0046,DAY 02,유체,유체05,流體,"흐를 류, 몸 체",2016수능B,명사,"{물리} 기체와 액체를 아울러 이르는 말. ≒ 동체
03(動體)(2)·유동체.
¶ 유체가 흐르다. / 유체를 차단하다."
0047,DAY 02,압력,압력,壓力,"누를 압, 힘 력",2016수능B,명사,"(1) {물리} 두 물체가 접촉면을 경계로 하여 서로 그 면에 수직으로 누르는 단위 면적에서의
힘의 단위. 그 크기의 단위로는 dyn/㎠ 외에 공학에서는 kgW/㎠를 사용하고,
기상학에서는 밀리바, 헥토파스칼 따위를 사용한다.
¶ 고층 건물의 압력에도 견딜 수 있는 벽돌 / 압력이 높다. / 압력이 낮다.
(2) 권력이나 세력에 의하여 타인을 자기 의지에 따르게 하는 힘.
¶ 압력을 받다. / 압력을 가하다. / 주변의 압력에 떠밀리다. / 언론에 압력을 넣
다."
0048,DAY 02,상응,상응,相應,"서로 상, 응할 응",2016수능B,명사,"(1) 서로 응하거나 어울림.
(2) 서로 기맥이 통함."
0049,DAY 02,미미하다,미미하다02,微微,"하다, 작을, 미, 작을, 미",2016수능B,형용사,"보잘것없이 아주 작다.
¶ 땅속 깊숙이에서 울리는 지층이 움직이는 소리, 해일의 전조로 미미하게 흔들리
는 물살, 지붕 위를 핥으며 머무는 바람. ≪오정희, 중국인 거리≫"
0050,DAY 02,지속적,지속적,持續的,"가질 지, 이을 속, 어조사 적",2015수능A,"관형사, , 명사","어떤 상태가 오래 계속되는. 또는 그런 것.
¶ 지속적 경제 성장 / 지속적 관계"
0051,DAY 02,합성,합성01,合成,"합할 합, 이룰 성",2015수능A,명사,"(1) 둘 이상의 것을 합쳐서 하나를 이룸.
¶ 사진의 합성 / 합성 보석.
(2) {물리} 벡터, 힘 따위의 방향성이 있는 양을 둘 이상 합침. 또는 그런 일.
(3) {생물} 생물이 빛이나 유기물, 무기물의 산화에 의하여 얻은 에너지를 이용하여 유기 화
합물을 만듦. 또는 그런 작용.
(4) {수학} 두 가지 이상의 변환을 거듭 실행함. 또는 그런 일.
(5) {화학} 둘 이상의 원소를 화합하여 화합물을 만들거나, 간단한 화합물에서 복잡한 화합물
을 만듦. 또는 그런 일. ≒ 화학 합성(1)."
0052,DAY 02,생성,생성,生成,"날 생, 이룰 성",2015수능A,명사,"(1) 사물이 생겨남. 또는 사물이 생겨 이루어지게 함.
¶ 생성 과정 / 우주의 생성과 소멸 / 생성을 촉진하다.
(2) {철학} 이전에 없었던 어떤 사물이나 성질의 새로운 출현."
0053,DAY 02,섭취,섭취,攝取,"당길 섭, 취할 취",2015수능A,명사,"(1) 좋은 요소를 받아들임.
¶ 그로 해서 내 민족 문화의 개성이 마멸되는 것이라면 그것은 섭취가 아니오, 예
속이다. ≪김소운, 일본의 두 얼굴≫
(2) {불교} 자비심으로 중생을 거두어들임.
(3) {생물} 생물체가 양분 따위를 몸속에 빨아들이는 일.
¶ 지방 섭취를 줄이다. / 식생활 수준이 향상됨에 따라 동물성 단백질의 섭취가 급
격하게 증가하고 있다."
0054,DAY 02,손상,손상,損像,"덜 손, 형상 상",2015수능A,명사,"(1) 물체가 깨지거나 상함.
¶ 손상이 없다/도자기에 손상이 가다/그중의 한 명이 틀에 약간의 손상을 입혔습니
다만 간단히 수리해 계속 가동한 것으로 알고 있습니다.
≪조세희, 내 그물로 오는 가시고기≫
(2) 병이 들거나 다침.
¶ 뇌에 손상을 입다. / 전란 중에 질병이 만연하여 인명의 손상이 많았다.
(3) 품질이 변하여 나빠짐.
¶ 품질 손상을 막다. / 이 세탁기는 세탁물의 손상이 적다.
(4) 명예나 체면, 가치 따위가 떨어짐.
¶ 국위 손상 / 공주의 행동은 왕의 위엄에 상당한 손상을 가져왔다."
0055,DAY 02,효율,효율,效率,"본받을 효, 비율 률",2015수능A,명사,"(1) 들인 노력과 얻은 결과의 비율. ≒ 효과율.
¶ 효율을 떨어뜨리다. / 기술의 발달은 자연 자원 이용의 효율을 높여 주었다.
(2) {물리} 기계의 일한 양과 공급되는 에너지와의 비(比)."
0056,DAY 02,높다,높다,,,2015수능A,형용사,"(1) 아래에서 위까지의 길이가 길다.
¶ 굽이 높은 구두 / 산이 높다. / 서울에는 높은 고층 빌딩들이 즐비하다.
(2) 아래에서부터 위까지 벌어진 사이가 크다.
¶ 천장이 높다. / 가을에는 하늘이 높다.
(3) 수치로 나타낼 수 있는 온도, 습도, 압력 따위가 기준치보다 위에 있다.
¶ 높은 기온 / 압력이 높다. / 그는 혈압이 높다. / 장마철에는 습도가 높다.
(4) 품질, 수준, 능력, 가치 따위가 보통보다 위에 있다.
¶ 품질이 높은 가구 / 안목이 높다. / 소득이 높다. / 성적이 높다. / 그의 소설은
문학적 가치가 높다. / 독자들의 수준이 매우 높다.
(5) 값이나 비율 따위가 보통보다 위에 있다.
¶ 높은 이자율 / 높은 합격률 / 가격이 높은 물건
(6) 지위나 신분 따위가 보통보다 위에 있다.
¶ 지체 높은 양반 / 계급이 높다. / 신분이 높다. / 지위가 높을수록 책임도 커진
다.
(7) 소리가 음계에서 위쪽에 있거나 진동수가 큰 상태에 있다.
¶ 음성이 높은 소프라노 가수.
(8) 이름이나 명성 따위가 널리 알려진 상태에 있다.
¶ 명성이 높은 학자 / 악명이 높다. / 제주 감귤은 세계적으로 이름이 높다.
(9) 기세 따위가 힘차고 대단한 상태에 있다.
¶ 그는 투지가 높다. / 군사들의 사기가 높다 못해 하늘을 찌를 듯 하였다.
(10) 어떤 의견이 다른 의견보다 많고 우세하다.
¶ 비난의 소리가 높다. / 양심수를 석방하라는 목소리가 높다. / 형식적인 환경 정
책에 비판적인 여론이 높다.
(11) 꿈이나 이상 따위가 크고 원대하다.
¶ 젊은이여, 높은 이상을 가져라.
(12) 소리의 강도가 세다.
¶ 소리를 높여 외치다.
(13) (‘가능성’ 따위의 말과 함께 쓰여) 일어날 확률이 다른 것보다 크다.
¶ 내년에는 불황이 닥칠 가능성이 높다. / 그 회사는 성장 가능성이 높다고 평가되
었다."
0057,DAY 02,해당,해당05,該當,"그 해, 당할 당",2015수능A,명사,"(1) (주로 다른 명사 앞에 쓰여) 무엇에 관계되는 바로 그것.
¶ 해당 단체 / 해당 부서 / 해당 분야 / 해당 조건.
(2) 어떤 범위나 조건 따위에 바로 들어맞음. ‘들어맞음’으로 순화.
¶ 법률이 정한 조건에 해당 사항 없음."
0058,DAY 02,배출,배출02,排出,"밀칠 배, 날 출",2015수능A,명사,"(1) 안에서 밖으로 밀어 내보냄.
¶ 가스 배출 / 노폐물 배출 / 오염 물질 배출 / 공해 배출 업소 / 쓰레기 종량제
가 실시되자 쓰레기의 배출이 크게 줄었다.
(2) {생물} 동물이 섭취한 음식물을 소화하여 항문으로 내보내는 일."
0059,DAY 02,가령,가령05,假令,"거짓 가, 영 령",2015수능A,부사,"(1) 가정하여 말하여. ≒ 가사07(假使)·가약03(假若).
¶ 가령 너에게 그런 행운이 온다면 너는 어떻게 하겠니? / 가령 누가 너한테 그런
소릴 했다고 치자. ≪박태순, 어느 사학도의 젊은 시절≫
(2) 예를 들어. ‘이를테면’으로 순화.
¶ 사람은 누구나 소망을 가지고 있는데, 가령 나는 아주 부자가 되고 싶은 소망이
있어."
0060,DAY 02,포함,포함02,包含,"쌀 포, 머금을 함",2015수능A,명사,"(1) 어떤 사물이나 현상 가운데 함께 들어 있거나 함께 넣음.
(2) {논리} 어떤 명제 p에서 다른 명제 p'를 추론(推論)할 수 있을 때에, 명제 p'를 명제 p에
하나의 범주로 함께 넣을 수 있음을 이르는 말. 예를 들어 ‘모든 인간은 죽는다’
는 ‘소크라테스는 죽는다’를 포함한다고 말한다."
0061,DAY 03,반면,반면02,反面,"되돌릴 반, 낯 면",2015수능A,명사,"(흔히 ‘반면에’ 꼴로, ‘-은, -는’ 활용형 다음에 쓰여) 뒤에 오는 말이 앞의 내용과 상반됨을
나타내는 말.
¶ 그는 공부는 못하는 반면에 운동은 잘한다. / 봉사 활동은 힘이 드는 반면에 보
람이 있다"
0062,DAY 03,영상,영상01,映像,"비출 영, 형상 상",2015수능A,명사,"(1) {물리} 빛의 굴절이나 반사 등에 의하여 이루어진 물체의 상(像). ≒ 영상
05(影像)(2).
¶ 거울에 비친 영상.
(2) 머릿속에서 그려지는 모습이나 광경.
¶ 이 감정이 심할 때면 아이에게서 그이의 영상을 발견하는 일까지 있게 되었습니
다. ≪최정희, 인맥≫
(3) 영사막이나 브라운관, 모니터 따위에 비추어진 상.
¶ 영상 매체."
0063,DAY 03,가상,가상06,假像,"거짓 가, 형상 상",2015수능A,명사,실물처럼 보이는 거짓 형상.
0064,DAY 03,입력,입력,入力,"들 입, 힘 력",2015수능A,명사,"(1) {물리} 전기적 · 기계적 에너지를 발생 또는 변환하는 장치가 단위 시간 동안 받은 에
너지의 양(量).
(2) {컴퓨터} 문자나 숫자를 컴퓨터가 기억하게 하는 일. ≒ 인풋(2)."
0065,DAY 03,더욱,더욱,,,2015수능A,부사,"정도나 수준 따위가 한층 심하거나 높게. ≒ 우극
01(尤極).
¶ 더욱 붉어지는 노을 / 더욱 세차게 내리는 비 / 아이들은 더욱 신명이 나서 떠
들어 댄다."
0066,DAY 03,처리,처리02,處理,"살 처, 다스릴 리",2015수능A,명사,"(1) 사무나 사건 따위를 절차에 따라 정리하여 치르거나 마무리를 지음.
¶ 행정 처리 / 사고 처리 비용 / 새 컴퓨터는 처리 속도가 빨랐다.
(2) 일정한 결과를 얻기 위하여 화학적 또는 물리적 작용을 일으킴.
¶ 화학적 처리 / 폐수 처리 시설을 설치하다"
0067,DAY 03,기획,기획01,企劃,"꾀할 기, 그을 획",2015수능A,명사,"일을 꾀하여 계획함.
¶ 기획 기사 / 기획 상품 / 그 기획 자체는 참신한 것이라 할 수 없었다."
0068,DAY 03,수행,수행02,遂行,"이를 수, 갈 행",2015수능A,명사,"생각하거나 계획한 대로 일을 해냄.
¶ 업무 수행 / 전쟁 수행에 필요한 군수품을 생산하다. / 정당은 국가의 중요한
정책 결정과 수행을 보조할 수 있어야 한다. / 전 사원은 직무 수행 능력을 향
상시켜야 한다."
0069,DAY 03,유형,유형02,有形,"있을 유, 모양 형",2015수능A,명사,"형상이나 형체가 있음.
¶ 유형의 자산."
0070,DAY 03,열람,열람,閱覽,"검열할 열, 볼 람",2015수능A,명사,"책이나 문서 따위를 죽 훑어보거나 조사하면서 봄.
¶ 북한 관련 서적은 일반인의 열람이 제한되어 있다."
0071,DAY 03,충당,충당01,充當,"찰 충, 당할 당",2015수능A,명사,"모자라는 것을 채워 메움.
¶ 자원 충당 / 사업 자금 충당 / 인력 충당"
0072,DAY 03,경감,경감04,輕減,"가벼울 경, 덜 감",2015수능A,명사,"부담이나 고통 따위를 덜어서 가볍게 함.
¶ 세금의 경감 / 형기의 경감 / 사무 자동화로 인건비의 경감을 꾀한다. / 도시
노동자의 생활비 경감을 위한 농산물 저가 정책을 실시한다."
0073,DAY 03,개선,개선01,改善,"고칠 개, 착할 선",2015수능A,명사,"잘못된 것이나 부족한 것, 나쁜 것 따위를 고쳐 더 좋게 만듦.
¶ 입시 제도 개선 / 유통 구조 개선 / 관계 개선을 위하여 노력하다. / 개선 방안
을 알아보다."
0074,DAY 03,저해,저해01,沮害,"막을 저, 해칠 해",2015수능A,명사,"막아서 못하도록 해침.
¶ 저해 요인 / 우리 사회에 뿌리 깊게 남아 있는 성차별 의식은 사회 발전에 커다
란 저해 요소로 작용한다."
0075,DAY 03,지불,지불02,支拂,"가를 지, 떨 불",2015수능A,명사,"돈을 내어 줌. 또는 값을 치름. ‘지급01’, ‘치름’으로 순화. ≒ 지발01(支撥).
¶ 임금 지불 / 지불 기한 / 지불 능력 / 지불을 미루다 / 지불이 끝나다 / 대금
지불을 요구하다"
0076,DAY 03,경합,경합,競合,"겨룰 경, 합할 합",2015수능A,명사,"(1) 서로 맞서 겨룸. ‘겨룸’, ‘견줌’, ‘경쟁’, ‘다툼’으로 순화.
¶ 공천을 받기 위해 경합에 나선 두 후보의 공방이 치열하다. / 공사권을 따기 위
한 기업들의 경합이 치열하다. / 올림픽 유치를 두고 두 도시가 치열한 경합을
벌이고 있다.
(2) {법률} 단일한 사실 또는 요건에 대한 평가나 평가의 효력이 중복되는 일.
(3) {법률} 사법(私法)에서 동일한 대상에 대하여 같은 효력을 가지는 권리가 중복되는 일.
(4) {법률} 형법(刑法)에서 동일한 행위가 여러 개의 죄명에 해당하는 일."
0077,DAY 03,공공,공공02,公共,"공변될 공, 함께 공",2015수능A,명사,"국가나 사회의 구성원에게 두루 관계되는 것.
¶ 공공 기관 / 공공 도서관 / 공공 생활 / 공공 청사 / 공공의 이익 / 공공의 복
지"
0078,DAY 03,제공,제공04,提供,"끌 제, 이바지할, 공",2015수능A,명사,"무엇을 내주거나 갖다 바침.
¶ 숙식 제공 / 자료 제공 / 정보 제공 / 선거 기간에는 금품 및 향응 제공이 법으
로 금지되고 있다."
0079,DAY 03,재원,재원02,財源,"재물 재, 근원 원",2015수능A,명사,"재화나 자금이 나올 원천. ≒ 재본(財本).
¶ 재원을 확보하다. / 재원이 고갈되다. / 재원이 풍부하다."
0080,DAY 03,양적,양적01,量的,헤아릴 량어조사 적,2015수능A,"관형사, , 명사","세거나 잴 수 있는 분량이나 수량과 관계된. 또는 그런 것.
¶ 양적 증가 / 경제 발전은 그것의 양적 증대는 물론, 참다운 삶의 질을 향상시킬
수 있는 질적 향상까지를 포함한다."
0081,DAY 03,위탁,위탁,委託,"맡길 위, 부탁할 탁",2015수능A,명사,"(1) 남에게 사물이나 사람의 책임을 맡김.
¶ 위탁 거래 / 위탁 교육 / 주인에게 그 물건을 위탁을 받고 보관 중이다.
(2) {법률} 법률 행위나 사무의 처리를 다른 사람에게 맡겨 부탁하는 일."
0082,DAY 03,운용,운용,運用,"돌 운, 쓸 용",2015수능A,명사,"무엇을 움직이게 하거나 부리어 씀.
¶ 자본의 운용 / 법의 운용을 멋대로 하다"
0083,DAY 03,선정,선정07,選定,"가릴 선, 정할 정",2015수능A,명사,"여럿 가운데서 어떤 것을 뽑아 정함. ≒ 초정
02(抄定)·택정(擇定).
¶ 작품 선정 / 사업자 선정 / 필자 선정."
0084,DAY 03,절감,절감02,節減,"마디 절, 덜 감",2015수능A,명사,"아끼어 줄임.
¶ 경비 절감 / 연료 절감 / 에너지 절감"
0085,DAY 03,발급,발급,發給,"쏠 발, 넉넉할 급",2015수능A,명사,"증명서 따위를 발행하여 줌. ≒ 발부01(發付).
¶ 카드 발급 / 민원서류 발급을 신청하다."
0086,DAY 03,근대,근대03,近代,가까울 근대신할 대,2015수능A/B,명사,"(1) 얼마 지나가지 않은 가까운 시대.
¶ 근대의 풍조.
(2) {역사} 역사의 시대 구분의 하나로, 중세와 현대 사이의 시대."
0087,DAY 03,중시,중시03,重視,"무거울 중, 볼 시",2015수능A/B,명사,"가볍게 여길 수 없을 만큼 매우 크고 중요하게 여김. ≒ 중시
03(重視)."
0088,DAY 03,논외,논외,論外,"말할 론, 밖 외",2015수능A/B,명사,"논의의 범위 밖.
¶ 그 문제는 일단 논외로 하고 본론으로 들어갑시다."
0089,DAY 03,자의적,자의적,恣意的,"방자할, 자, 뜻 의, 어조사, 적",2015수능A/B,"관형사, , 명사","일정한 질서를 무시하고 제멋대로 하는. 또는 그런 것.
¶ 자의적 판단"
0090,DAY 03,기여,기여04,寄與,"부칠 기, 줄 여",2015수능A/B,명사,"(1) 도움이 되도록 이바지함.
¶ 그는 팀 승리에 결정적인 기여를 한 선수이다.
(2) 물건을 부쳐 줌."
0091,DAY 04,환원,환원,還元,"돌아올 환, 으뜸 원",2015수능A/B,명사,"(1) 본디의 상태로 다시 돌아감. 또는 그렇게 되게 함. ‘되돌림’으로 순화.
(2) {철학} 잡다한 사물이나 현상을 어떤 근본적인 것으로 바꿈. 또는 그런 일.
(3) {화학} 산화물에서 산소가 빠지거나 어떤 물질이 수소와 결합하는 것, 원자·분자·이온
따위가 전자를 얻는 것, 물질 중에 있는 어떤 원자의 산화수가 감소하는 것을
이르는 말."
0092,DAY 04,성질,성질,性質,"성품 성, 바탕 질",2015수능A/B,명사,"(1) 사람이 지닌 마음의 본바탕.
¶ 성질 사나운 사람 / 성질이 못되다. / 성질이 급하다.
(2) 사물이나 현상이 가지고 있는 고유의 특성. ≒ 성분
03(性分).
¶ 화학적 성질 / 그 사건은 유사한 성질을 가지고 있다. / 사건의 종류와 성질에
따라 조사 방법을 달리했다. / 그 둘은 비교될 성질의 것이 아니다."
0093,DAY 04,타당성,타당성,妥當性,"온당할 타, 당할 당, 성품 성",2015수능A/B,명사,"(1) 사물의 이치에 맞는 옳은 성질.
¶ 타당성이 없다. / 타당성을 검토하다. / 이제 와서 그 일의 타당성 여부를 묻는
것이 무슨 소용이 있겠는가.
(2) {철학} 어떤 판단이 가치가 있다고 인식되는 일. 곧 어떤 판단이 진실인 경우에 그 판단
은 타당성이 있다고 한다."
0094,DAY 04,부류,부류02,部類,"거느릴 부, 무리 류",2015수능A/B,명사,"동일한 범주에 속하는 대상들을 일정한 기준에 따라 나누어 놓은 갈래.
¶ 닭과 오리는 같은 부류에 속한다. / 육지에서 사는 생물을 부류에 따라 나누어
보았다."
0095,DAY 04,국면,국면,局面,"판 국, 낯 면",2015수능A/B,명사,"(1) 어떤 일이 벌어진 장면이나 형편.
¶ 국면 전환 / 국면 타개 / 중대한 국면에 봉착하다 / 새로운 국면으로 접어들다
/ 어려운 국면으로 몰고 가다 / 쟁의가 장기화 국면에 들어섰다.
(2) {운동} 바둑이나 장기에서, 반면(盤面)의 형세를 이르는 말."
0096,DAY 04,관조,관조03,觀照,"볼 관, 비출 조",2015수능A/B,명사,"(1) 고요한 마음으로 사물이나 현상을 관찰하거나 비추어 봄.
¶ 관조는 하되 비판하지 말고, 분석은 하되 조급한 예언은 피해야 하는 거다.
≪이병주, 지리산≫
(2) {예술} 미(美)를 직접적으로 인식하는 일.
(3) {불교} 지혜로 모든 사물의 참모습과 나아가 영원히 변하지 않는 진리를 비추어 봄."
0097,DAY 04,차원,차원01,次元,"버금 차, 으뜸 원",2015수능A/B,명사,"(1) 사물을 보거나 생각하는 처지. 또는 어떤 생각이나 의견 따위를 이루는 사상이나 학식
의 수준.
¶ 차원이 낮은 영화 / 국가 차원에서 조사할 문제 / 한 차원 높은 대화 / 차원이
다른 의견 / 차원을 높이다. / 그는 신화를 문학적인 차원에서 연구했다.
(2) {물리} 물리량의 성질을 나타내는 것. 또는 물리량의 기본 단위와 유도 단위의 관계.
(3) {수학} 기하학적 도형, 물체, 공간 따위의 한 점의 위치를 말하는 데에 필요한 실수의
최소 개수. 직선은 1차원, 평면은 2차원, 입체는 3차원이지만 n차원이나 무한
차원의 공간도 생각할 수 있다."
0098,DAY 04,규범,규범01,規範,"법 규, 법 범",2015수능A/B,명사,"(1) 인간이 행동하거나 판단할 때에 마땅히 따르고 지켜야 할 가치 판단의 기준. ≒ 전경
(典經)(1).
¶ 행동 규범 / 도덕적 규범을 따르다. / 우리 조상들은 충효를 가장 중요한 생활
규범으로 삼아 왔다. / 그는 사회적 윤리 규범을 나름대로 지키면서 살아왔다
고 자부했다.
(2) {철학} 사유(思惟)나 의지, 감정 따위가 일정한 이상이나 목적을 이루기 위하여 마땅히
따르고 지켜야 할 법칙과 원리."
0099,DAY 04,예시,예시01,例示,"법식 례, 보일 시",2015수능A/B,명사,"예를 들어 보임. ≒ 시례
01(示例).
¶ 적절한 예시는 이해에 도움이 된다."
0100,DAY 04,고유하다,고유하다03,固有,"하다, 굳을, 고, 있을, 유",2015수능A/B,형용사,"본래부터 가지고 있어 특유하다.
¶ 우리나라의 고유한 전통문화 / 개개인의 고유한 특성 / 고유한 글을 가진 민족
은 세계에서 얼마 안 된다."
0101,DAY 04,미덕,미덕,美德,"아름다울, 미, 덕 덕",2015수능A/B,명사,"아름답고 갸륵한 덕행. ≒ 휴덕.
¶ 그는 항상 그렇듯이 실학자답게 이 두 가지의 미덕에 대하여도 실천에 옮길 수
있게 구체적으로 꼼꼼하게 가르쳤던 것이다. ≪한무숙, 만남≫"
0102,DAY 04,낱낱이,낱낱이,,,2015수능A/B,부사,"하나하나 빠짐없이 모두.
¶ 낱낱이 훑다 / 잘못된 것을 낱낱이 밝히다. / 자기의 죄를 낱낱이 고백하다. /
그의 죄과가 낱낱이 드러나다. / 경찰은 용의자의 일거수일투족을 낱낱이 감시
하고 있었다. / 음식 종류가 하도 많아서 낱낱이 열거할 수가 없다."
0103,DAY 04,심오하다,심오하다,深奧,"하다, 깊을, 심, 속, 오",2015수능A/B,형용사,"사상이나 이론 따위가 깊이가 있고 오묘하다.
¶ 심오한 진리 / 심오한 뜻을 담다."
0104,DAY 04,논변,논변,論辯論辨,"말할 론, 말 잘할, 변, 말할 론, 분별할 변",2015수능A/B,명사,"(1) 사리의 옳고 그름을 밝히어 말함. 또는 그런 말이나 의견.
¶ 두 사람은 이날 밤을 역리(易理) 논변으로 지새웠다. ≪한무숙, 만남≫
(2) 어떤 의견을 논하여 진술함.
(3) 문체의 하나. 논(論), 변(辯), 난(難), 의(議), 설(說), 해(解), 석(釋), 원(原), 대문(代問),
유(喩) 따위로 나눈다."
0105,DAY 04,단초,단초01,端初,"바를 단, 처음 초",2015수능A/B,명사,일이나 사건을 풀어 나갈 수 있는 첫머리.
0106,DAY 04,투쟁,투쟁,鬪爭,"싸움 투, 다툴 쟁",2015수능B,명사,"(1) 어떤 대상을 이기거나 극복하기 위한 싸움.
¶ 선과 악의 투쟁 / 그는 맹수와 투쟁을 벌였다.
(2) 사회 운동, 노동 운동 따위에서 무엇인가를 쟁취하고자 견해가 다른 사람이나 집단 간
에 싸우는 일.
¶ 독립 투쟁 / 정치적 투쟁 / 반정부 투쟁"
0107,DAY 04,무장,무장06,武裝,"굳셀 무, 꾸밀 장",2015수능B,명사,"(1) 전투에 필요한 장비를 갖춤. 또는 그 장비.
¶ 무장 군인 / 무장 병력 / 무장을 풀다 / 싸움이 일어날 것에 대비하여 충분한
무장을 하라.
(2) 어떤 일에 필요한 마음이나 사상, 기술이나 장비 따위를 단단히 갖춤을 비유적으로 이
르는 말.
¶ 사상 무장 / 우리는 그 많은 어려움을 정신 무장 하나로 버티고 있다."
0108,DAY 04,역설,역설01,力說,"힘 력, 말씀 설",2015수능B,명사,"자기의 뜻을 힘주어 말함. 또는 그런 말.
¶ 선생님의 역설에 귀를 기울이다."
0109,DAY 04,강경론,강경론,強硬論,"굳셀 강, 굳을 경, 말할 론",2015수능B,명사,"자기의 의견이나 입장을 절대로 타협하거나 굽히지 말아야 한다고 주장하는 논의.
¶ 그들은 강경론을 내세우며 상대 회사를 고소해야 한다고 주장했다."
0110,DAY 04,지향,지향02,志向,"뜻 지, 향할 향",2015수능B,명사,"(1) 어떤 목표로 뜻이 쏠리어 향함. 또는 그 방향이나 그쪽으로 쏠리는 의지.
¶ 평화 통일 지향 / 출세 지향 / 서구 지향 / 미래 지향의 생활 태도.
(2) {철학} 의식이 어떤 대상을 향하고 있는 일. 이러한 지향성은 브렌타노(Brentano,
Franz)에 의하여 심적 현상의 본질적인 성격이라고 규정되었다.
(3) {철학} 동기가 되는 목적의 관념이 아니라, 그것을 실현하는 데 필요한 수단과 예상되는
결과의 관념을 이르는 말."
0111,DAY 04,본위,본위,本位,"밑 본, 자리 위",2015수능B,명사,"(1) (흔히 명사 뒤에 쓰여) 판단이나 행동에서 중심이 되는 기준.
¶ 인물 본위의 인사 행정 / 흥미 본위로 이루어진 이야기
(2) 본디의 자리."
0112,DAY 04,자각,자각03,自覺,스스로 자깨달을 각,2015수능B,명사,"(1) 현실을 판단하여 자기의 입장이나 능력 따위를 스스로 깨달음.
¶ 자각 증세 / 민족의식의 자각 / 민주화 운동은 국민이 주인이라는 자각을 갖게
하였다.
(2) {심리} 자기 자신을 의식하는 상태."
0113,DAY 04,비로소,비로소,,,2015수능B,부사,"어느 한 시점을 기준으로 그 전까지 이루어지지 아니하였던 사건이나 사태가 이루어지거나
변화하기 시작함을 나타내는 말.
¶ 아들이 무사하다는 소식이 전해지자 비로소 어머니의 굳은 얼굴이 환해졌다."
0114,DAY 04,대응,대응02,對應,"대답할 대, 응할 응",2015수능B,명사,"(1) 어떤 일이나 사태에 맞추어 태도나 행동을 취함.
¶ 법적 대응 / 급변하는 사태에 대한 신속한 대응이 필요하다.
(2) 어떤 두 대상이 주어진 어떤 관계에 의하여 서로 짝이 되는 일.
¶ 대응 관계를 이루는 어구.
(3) {수학} 두 집합이 있을 때에 어떤 주어진 관계에 의하여서 두 집합의 원소끼리 짝이 되
는 일. ≒ 짝짐(1).
(4) {수학} 합동하는 두 도형의 서로 포개어지는 부분. 또는 닮은꼴인 두 도형에서 확대, 축
소에 의하여 포개어지는 부분. ≒ 짝짐(2)."
0115,DAY 04,민중,민중,民衆,"백성 민, 무리 중",2015수능B,명사,"국가나 사회를 구성하는 일반 국민. 피지배 계급으로서의 일반 대중을 이른다. ≒ 민서.
¶ 민중의 힘"
0116,DAY 04,설정,설정02,設定,"베풀 설, 정할 정",2015수능B,명사,"새로 만들어 정해 둠.
¶ 상황 설정 / 200해리 경제 수역 설정 / 목표 설정이 잘못되다."
0117,DAY 04,개별,개별,個別,"낱 개, 나눌 별",2015수능B,명사,"(주로 일부 명사 앞에 쓰여) 여럿 중에서 하나씩 따로 나뉘어 있는 상태.
¶ 개별 행동 / 개별 면담"
0118,DAY 04,지속,지속01,持續,"가질 지, 이을 속",2015수능B,명사,"어떤 상태가 오래 계속됨. 또는 어떤 상태를 오래 계속함.
¶ 지속 가능성 / 약효의 지속 시간 / 물가 상승의 지속."
0119,DAY 04,파급,파급,波及,"물결 파, 미칠 급",2015수능B,명사,"어떤 일의 여파나 영향이 차차 다른 데로 미침.
¶ 정치적 파급 / 파급이 예상되다."
0120,DAY 04,실현,실현,實現,"열매 실, 나타날 현",2015수능B,명사,"꿈, 기대 따위를 실제로 이룸. ‘실제 이루어짐’으로 순화.
¶ 꿈의 실현 / 실현 단계 / 복지 사회 실현 / 이번 계획은 실현 가능성이 높다."
0121,DAY 05,우월,우월02,優越,"뛰어날 우, 넘을 월",2015수능B,명사,"다른 것보다 나음.
¶ 경제적 우월 / 신체적인 우월 / 우월 의식 / 우월을 느끼다."
0122,DAY 05,침략,침략02,侵略,침노할 침다스릴 략,2015수능B,명사,"정당한 이유 없이 남의 나라에 쳐들어감.
¶ 침략 전쟁 / 대륙 침략에 나서다. / 침략에 대항하다. / 침략을 감행하다."
0123,DAY 05,대항,대항,對抗,"대답할 대, 막을 항",2015수능B,명사,"(1) 굽히거나 지지 않으려고 맞서서 버티거나 항거함. ‘맞서 싸움’으로 순화.
¶ 민주적 대항 세력
(2) (일부 명사 뒤에 쓰여) 그것끼리 서로 겨룸.
¶ 학교 대항 축구 경기 / 각 도 학생 대항 연극 공연"
0124,DAY 05,동화,동화02,同化,"한가지 동, 될 화",2015수능B,명사,"(1) 성질, 양식(樣式), 사상 따위가 다르던 것이 서로 같게 됨.
¶ 자연과의 동화 / 감정의 동화가 일어나다. / 원만한 사회생활을 위해선 주변 사
람들과의 동화가 필요하다.
(2) 밖으로부터 얻어 들인 지식 따위를 완전히 자기 것으로 만듦.
(3) {언어} 말소리가 서로 이어질 때, 어느 한쪽 또는 양쪽이 영향을 받아 비슷하거나 같은
소리로 바뀌는 소리의 변화를 이르는 말. ≒ 닮음(2)."
0125,DAY 05,압제,압제,壓制,"누를 압, 마를 제",2015수능B,명사,"권력이나 폭력으로 남을 꼼짝 못하게 강제로 누름.
¶ 압제를 받다. / 가난과 압제에 시달리다. / 압제에서 벗어나다. / 압제에 항거하
다."
0126,DAY 05,위선,위선04,僞善,"거짓 위, 착할 선",2015수능B,명사,"겉으로만 착한 체함. 또는 그런 짓이나 일.
¶ 양반들의 위선을 풍자한 소설 / 위선과 허위에 가득 찬 세상 / 위선을 벗기다."
0127,DAY 05,참되다,참되다,,,2015수능B,형용사,"진실하고 올바르다.
¶ 인간은 잘살기보다 참되게 살기가 더 어렵다."
0128,DAY 05,긴밀히,긴밀히,緊密,"히, 굳게얽을, 긴, 빽빽할, 밀",2015수능B,부사,"서로의 관계가 매우 가까워 빈틈이 없이.
¶ 관계를 긴밀히 하다. / 양국이 경제 분야에서 긴밀히 협조하기로 합의했다."
0129,DAY 05,잔재,잔재02,殘滓,"남을 잔, 찌꺼기 재",2015수능B,명사,"(1) 쓰고 남은 찌꺼기. ≒ 잔사
03(殘渣).
(2) 과거의 낡은 사고방식이나 생활 양식의 찌꺼기.
¶ 봉건주의의 잔재를 청산하다."
0130,DAY 05,사익,사익,私益,"사사 사, 더할 익",2015수능B,명사,"개인의 이익.
¶ 그는 사익을 돌보지 않고 사회를 위해 헌신했다."
0131,DAY 05,확립,확립,確立,"굳을 확, 설 립",2015수능B,명사,"체계나 견해, 조직 따위가 굳게 섬. 또는 그렇게 함.
¶ 질서 확립 / 기강 확립을 강조하다. / 새 왕조는 통치 체제의 확립에 주안점을
두었다."
0132,DAY 05,위축,위축02,萎縮,"마를 위, 줄일 축",2015수능B,명사,"(1) 마르거나 시들어서 우그러지고 쭈그러듦.
¶ 찬 바람이 불면서 모든 사물이 위축과 조락, 사멸에 이르렀다.
(2) 어떤 힘에 눌려 졸아들고 기를 펴지 못함.
¶ 심리적 위축 / 생산 활동의 위축
(3) {생물} 정상적으로 발달한 생물체의 기관, 조직 따위의 크기나 기능이 줄어드는 일. 주
로 영양 공급에 지장이 있을 경우나 신경 계통의 장애, 호르몬의 이상, 방사선
의 조사(照射) 따위에 의하여 생긴다. 노인성인 것, 생리적인 것이 있다."
0133,DAY 05,표방,표방,標榜,"표할 표, 방 붙일, 방",2015수능B,명사,"(1) 어떤 명목을 붙여 주의나 주장 또는 처지를 앞에 내세움.
¶ 민주주의의 표방.
(2) 남의 착한 행실을 기록하여 여러 사람에게 보임."
0134,DAY 05,조장,조장03,助長,"도울 조, 길 장, 어른 장",2015수능B,명사,"바람직하지 않은 일을 더 심해지도록 부추김.
¶ 사행심 조장 / 과소비 조장."
0135,DAY 05,견제,견제01,牽制,"끌 견, 절제할, 제",2015수능B,명사,"(1) 일정한 작용을 가함으로써 상대편이 지나치게 세력을 펴거나 자유롭게 행동하지 못하게
억누름. ≒ 견철(牽掣).
¶ 견제 세력 / 견제를 당하다 / 그는 상대 선수의 집중적인 견제에도 불구하고 역
전 골을 넣었다.
(2) {군사} 아군의 공격이 수월하도록 적의 일부를 다른 곳에 묶어 두는 전술적 행동."
0136,DAY 05,연구,연구03,硏究,"갈 연, 궁구할, 구",2015수능B,명사,"어떤 일이나 사물에 대하여서 깊이 있게 조사하고 생각하여 진리를 따져 보는 일. ≒ 연공
03(硏攻).
¶ 연구 대상 / 연구 성과 / 연구 활동 / 학술 연구"
0137,DAY 05,산물,산물02,産物,"낳을 산, 만물 물",2015수능B,명사,"(1) 일정한 곳에서 생산되어 나오는 물건. ≒ 산출물.
¶ 이 고장의 대표적 산물은 배이다.
(2) 어떤 것에 의하여 생겨나는 사물이나 현상을 비유적으로 이르는 말.
¶ 노력의 산물"
0138,DAY 05,가끔,가끔,,,2015수능B,부사,"시간적·공간적 간격이 얼마쯤씩 있게. ≒ 종종
04(種種)[Ⅱ]·종종히
01.
¶ 김 선생은 요즘도 가끔 술을 마신다."
0139,DAY 05,궤도,궤도02,軌道,"길 궤, 길 도",2015수능B,명사,"(1) 수레가 지나간 바큇자국이 난 길. ≒ 궤로(軌路)(1).
(2) 일이 발전하는 본격적인 방향과 단계.
¶ 사업이 정상 궤도에 올랐다. / 그는 우연한 기회에 인생의 궤도가 바뀌어 소설
가가 되었다.
(3) {교통} 기차나 전차의 바퀴가 굴러가도록 레일을 깔아 놓은 길.
¶ 기차가 궤도를 이탈하는 사고가 났다.
(4) {천문} 행성, 혜성, 인공위성 따위가 중력의 영향을 받아 다른 천체의 둘레를 돌면서 그
리는 곡선의 길.
¶ 태양의 바깥 궤도를 도는 행성 / 인공위성을 지구의 궤도 위로 쏘아 올렸다."
0140,DAY 05,집합,집합01,集合,"모일 집, 합할 합",2015수능B,명사,"(1) 사람들을 한곳으로 모으거나 모임.
¶ 집합 시간 / 집합 장소 / 전원 집합
(2) {수학} 특정 조건에 맞는 원소들의 모임. 임의의 한 원소가 그 모임에 속하는지를 알 수
있고, 그 모임에 속하는 임의의 두 원소가 다른가 같은가를 구별할 수 있는 명
확한 표준이 있는 것을 이른다."
0141,DAY 05,초점,초점03,焦點,"그을릴 초, 점 점",2015수능B,명사,"(1) 사람들의 관심이나 주의가 집중되는 사물의 중심 부분.
¶ 논쟁의 초점 / 문제의 초점을 흐리다 / 관심의 초점이 되다.
(2) {연영} 사진을 찍을 때 대상의 영상이 가장 똑똑하게 나타나게 되는 점.
(3) {물리} 렌즈나 구면 거울 따위에서 입사 평행 광선이 한곳으로 모이는 점. 또는 어떤 점
을 통과하여 모두 평행 광선으로 될 때의 점.
¶ 지훈은 여전히 나에게는 초점 맞지 않은 렌즈 속에서처럼 두 개의 흐릿한 영상
으로 서 있었고…. ≪이청준, 조율사≫
(4) {수학} 타원, 쌍곡선, 포물선 따위의 위치 및 모양을 정하는 요소가 되는 점. 이들 곡선
위의 점으로부터 초점에 이르는 거리와 준선(準線)에 이르는 거리의 비는 일정하
다.
¶ 평행 광선을 굴절시켜서 한 초점에 모아 가지고 그 초점이 따끈따끈해지다가 마
지막에는 종이를 그슬리기 시작하고…. ≪이상, 날개≫
(5) {의학} 수정체가 원근에 따라 곡률(曲率)을 조절하여 대상을 가장 똑똑하게 볼 수 있도
록 맞추는 점.
¶ 초점 잃은 시선 / 초점 없는 눈동자"
0142,DAY 05,주기,주기14,週期,"돌 주, 기약할 기",2015수능B,명사,"(1) 같은 현상이나 특징이 한 번 나타나고부터 다음번 되풀이되기까지의 기간.
¶ 주기가 단축되다 / 주기가 느리다 / 일 년을 주기로 반복되다 / 그는 삼 년 주
기로 이사를 다녔다.
(2) 회전하는 물체가 한 번 돌아서 본래의 위치로 오기까지의 기간.
(3) {물리} 진동하는 물체가 한 방향으로 움직였다가 다시 반대 방향으로 그만큼 움직여 본
래의 자리로 돌아오는 데 걸리는 시간.
(4) {화학} 주기율표에 원자 번호의 차례로 배열하였을 때, 비슷한 성질의 원소가 되풀이해
서 나타나는 현상."
0143,DAY 05,천체,천체01,天體,"하늘 천, 몸 체",2015수능B,명사,"{천문} 우주에 존재하는 모든 물체. 항성, 행성, 위성, 혜성, 성단, 성운, 성간 물질, 인공위
성 따위를 통틀어 이르는 말이다. ≒ 성체03(星體)."
0144,DAY 05,고안,고안01,考案,"상고할 고, 책상 안",2014수능A,명사,"연구하여 새로운 안을 생각해 냄. 또는 그 안. ≒ 장심
01(匠心).
¶ 혜경이는 그녀들의 옷을 모두 고쳐 줄 것을 고안 중이다. ≪박경수, 동토≫"
0145,DAY 05,가정,가정07,假定,"거짓 가, 정할 정",2015수능B,명사,"(1) 사실이 아니거나 또는 사실인지 아닌지 분명하지 않은 것을 임시로 인정함.
¶ 그의 의식 속에는 만약이라는 가정이 항상 존재하고 있다. / 6월 초 선거가 실
시된다는 가정 아래 준비를 해 왔다.
(2) {논리} 결론에 앞서 논리의 근거로 어떤 조건이나 전제를 내세움. 또는 그 조건이나 전
제.
(3) {수학} 정리에서, 어떤 조건을 임시로 내세움. 또는 그 조건."
0146,DAY 05,분간,분간,分揀,"나눌 분, 가릴 간",2014수능A,명사,"(1) 사물이나 사람의 옳고 그름, 좋고 나쁨 따위와 그 정체를 구별하거나 가려서 앎.
¶ 나는 그가 한 말이 장난인지 진심인지 분간이 안 갔다. / 양인은 생긴 것만으로
도 외국인이라는 게 분간이 됐지만 일본인과 청국 사람은 양복만 입으면 비슷
해 보였다. ≪박완서, 미망≫
(2) 어떤 대상이나 사물을 다른 것과 구별하여 냄.
¶ 진짜 보석과 가짜 보석의 분간은 전문가만이 할 수 있다.
(3) 죄지은 형편을 보아서 용서함."
0147,DAY 05,업적,업적,業績,"업 업, 실 낳을, 적",2014수능A,명사,"어떤 사업이나 연구 따위에서 세운 공적.
¶ 위대한 업적을 남긴 위인 / 업적을 쌓다."
0148,DAY 05,함유,함유01,含有,"머금을 함, 있을 유",2014수능A,명사,물질이 어떤 성분을 포함하고 있음.
0149,DAY 05,분야,분야,分野,"나눌 분, 들 야",2014수능A,명사,"(1) 여러 갈래로 나누어진 범위나 부분.
¶ 외교 분야 / 전공 분야 / 경제 분야의 전문가 / 분야가 다르다. / 그러니까 나
같은 사람이 연구할 분야가 아직 이 방면에 남아 있다는 얘기가 되는 겁니다.
≪이병주, 행복어 사전≫
(2) {역사} 중국 전국 시대에, 천문가가 천하를 하늘의 이십팔수에 별러서 나눈 것."
0150,DAY 05,조성,조성03,組成,"짤 조, 이룰 성",2014수능A,명사,"(1) 여러 개의 요소나 성분으로 얽거나 짜서 만듦. 또는 그렇게 만들어진 요소들의 구성.
(2) {화학} 물질계를 구성하고 있는 여러 성분의 양(量)의 비."
0151,DAY 06,통일성,통일성,統一性,"큰줄기, 통, 한 일, 성품, 성",2014수능A,명사,"다양한 요소들이 있으면서도 전체가 하나로서 파악되는 성질.
¶ 카드 섹션을 할 때는 일사불란한 팀워크와 통일성이 요구된다."
0152,DAY 06,공헌,공헌02,貢獻,"바칠 공, 바칠 헌",2014수능A,명사,"(1) 힘을 써 이바지함.
¶ 사회에 대한 공헌 / 오늘의 성과 뒤에는 숱한 희생과 이름 없는 시민들의 공헌
이 있었다.
(2) {역사} 공물을 바치던 일."
0153,DAY 06,미감,미감07,美感,"아름다울, 미, 느낄 감",2014수능A,명사,"아름다움에 대한 느낌. 또는 아름다운 느낌.
¶ 예쁜 꽃을 보고 미감을 갖지 못하는 것도 문제이다."
0154,DAY 06,번잡하다,번잡하다,煩雜,"하다, 번거로울, 번, 섞일, 잡",2014수능A,형용사,"번거롭게 뒤섞여 어수선하다.
¶ 번잡한 도시 생활 / 마음이 번잡하다."
0155,DAY 06,경건하다,경건하다02,敬虔,"하다, 공경할, 경, 정성, 건",2014수능A,형용사,"공경하며 삼가고 엄숙하다.
¶ 경건한 마음 / 경건한 기도 / 경건한 자세로 선열들에 대한 묵념을 올리다."
0156,DAY 06,하중,하중02,荷重,"멜 하, 무거울 중",2014수능A,명사,"(1) 어떤 물체 따위의 무게. ‘무게’, ‘짐 무게’로 순화.
¶ 트럭의 하중에 짓눌린 바퀴.
(2) {물리} 물체에 작용하는 외부의 힘 또는 무게.
¶ 하중을 가하다. / 하중을 견디다. / 하중을 받다."
0157,DAY 06,견고하다,견고하다01,堅固,"하다, 굳을, 견, 굳을, 고",2014수능A,형용사,"(1) 굳고 단단하다. ≒ 뇌호하다.
¶ 견고한 제방을 쌓다. / 아무리 견고한 참나무라도 연단 도끼질에는 쓰러지게 마
련이다. ≪홍성원, 육이오≫
(2) 사상이나 의지 따위가 동요됨이 없이 확고하다.
¶ 그는 어떠한 유혹에도 굴복하지 않고 견고하게 자기의 신념을 지켰다."
0158,DAY 06,돌출되다,돌출되다,突出,"되다, 갑자기, 돌, 날, 출",2014수능A,동사,"(1) 예기치 못하게 갑자기 쑥 나오거나 불거지다.
¶ 돌출된 행동.
(2) 쑥 내밀거나 불거지다.
¶ 돌출된 돌을 보지 못하고 가던 나는 그만 넘어졌다. / 꿀밤 맞은 이마 부분이
툭 돌출되었다."
0159,DAY 06,합일,합일,合一,"합할 합, 한 일",2014수능A,명사,"둘 이상이 합하여 하나가 됨. 또는 그렇게 만듦.
¶ 국론의 합일 / 이론과 실제의 합일."
0160,DAY 06,뭇사람,뭇사람,,,2014수능A,명사,"많은 사람. 또는 여러 사람. ≒ 조인
03(稠人)·중서
07(衆庶)·중인
04(衆人).
¶ 요즘은 그의 아내가 시장 바닥 사람들을 상대로 돈놀이까지 하는 모양으로, 뭇
사람들을 상대하는 직업이라 그런지, 웬만한 사람 뺨치게끔 똑똑해진 수복이다.
≪김춘복, 쌈짓골≫"
0161,DAY 06,덕택,덕택,德澤,"덕 덕, 못 택",2014수능A,명사,"베풀어 준 은혜나 도움. ≒ 덕
05(德)(3)·덕윤·덕택.
¶ 선생님 덕분에 대학 생활을 무사히 마칠 수 있었습니다. / 덕분에 좋은 구경했
습니다."
0162,DAY 06,세사,세사01,世事,"세상 세, 일 사",2014수능A,명사,"세상에서 일어나는 온갖 일.
¶ 세사에 밝다. / 험한 세사에 시달리다. / 공부만 하는 사람이라서 세사에 어둡
다."
0163,DAY 06,선사하다,선사하다05,膳賜,"하다 선물, 선 줄 사",2014수능A,동사,"【…에 / 에게 …을】 존경, 친근, 애정의 뜻을 나타내기 위하여 남에게 선물을 주다.
¶ 여러분께 즐거운 노래와 춤을 선사합니다. / 나는 졸업을 한 언니에게 꽃다발을
한 아름 선사했다. / 그는 동화책을 아이에게 선사했다."
0164,DAY 06,제약,제약01,制約,"절제할 제, 맺을 약",2014수능A,명사,"(1) 조건을 붙여 내용을 제한함. 또는 그 조건.
¶ 제약을 가하다 / 각국의 보호 무역으로 수출에 제약이 많다.
(2) 사물의 성립에 필요한 규정이나 조건.
(3) {철학} 한 현상의 타당, 존재, 생기, 변화 따위에 대한 규정."
0165,DAY 06,권위적,권위적,權威的,"권세 권, 위엄 위, 어조사 적",2014수능A,"관형사, , 명사",권위를 내세우는. 또는 그런 것.
0166,DAY 06,장엄하다,장엄하다01,莊嚴,"하다, 씩씩할, 장, 엄할, 엄",2014수능A,형용사,"씩씩하고 웅장하며 위엄 있고 엄숙하다.
¶ 태양이 산 너머 광활한 벌판에 불이라도 지른 것처럼 서쪽 하늘이 온통 화려하
고 장엄하게 타올랐다. ≪박완서, 도시의 흉년≫"
0167,DAY 06,이질적,이질적,異質的,"다를 이, 바탕 질, 어조사 적",2014수능A,"관형사, , 명사","성질이 다른. 또는 그런 것. ‘다름’, ‘서로 다름’으로 순화.
¶ 이질적 문명 / 이질적 문화"
0168,DAY 06,구원,구원05,救援,"건질 구, 당길 원",2014수능A,명사,"(1) 어려움이나 위험에 빠진 사람을 구하여 줌. ≒ 구증
03(救拯).
¶ 구원 요청 / 구원의 손길 / 구원을 받다. / 구원을 청하다.
(2) {기독교} 인류를 죽음과 고통과 죄악에서 건져 내는 일."
0169,DAY 06,단위,단위02,單位,"홑 단, 자리 위",2014수능A,명사,"(1) 길이, 무게, 수효, 시간 따위의 수량을 수치로 나타낼 때 기초가 되는 일정한 기준. 근,
되, 자, 그램, 리터, 미터, 초 따위가 있다. ≒ 하나치.
¶ 화폐 단위 / 천문학적인 단위의 돈을 요구하다. / 사람이 너무 많아 백이나 천
단위로는 그 수효를 헤아릴 수가 없다.
(2) 하나의 조직 따위를 구성하는 기본적인 한 덩어리.
¶ 조직을 백 명 단위로 결성하다. / 1년 단위로 계약하다.
(3) 일정한 학습량. 흔히 학습 시간을 기준으로 하여 정한다."
0170,DAY 06,가설,가설04,假說,"거짓 가, 말씀 설",2014수능A,명사,"(1) {논리} 어떤 사실을 설명하거나 어떤 이론 체계를 연역하기 위하여 설정한 가정. 이로부
터 이론적으로 도출된 결과가 관찰이나 실험에 의하여 검증되면, 가설의 위치를
벗어나 일정한 한계 안에서 타당한 진리가 된다.
¶ 가설을 검증하다. / 가설을 세우다.
(2) {사회} 사회 조사나 연구에서, 주어진 연구 문제에 대한 예측적 해답. 두 개의 변인이나
그 이상의 변인들 사이의 관계에 대한 추정적 또는 가정적 서술문(敍述文)의 형
식으로 이루어진다."
0171,DAY 06,검증,검증,檢證,"검사할 검, 증거 증",2014수능A,명사,"(1) 검사하여 증명함.
¶ 검증 결과 / 그 이론은 검증을 거치지 않은 것이므로 신뢰할 수 없다.
(2) {법률} 법관이나 수사관이 자기의 감각으로 어떤 대상의 성질이나 상태 따위를 인식하여
증거를 조사하는 일.
¶ 화장터엔 아직도 머리를 잃어버린 시인의 관이 승화하지 못한 채 관할 서 형사
들의 검증을 받고 있었다. ≪김성일, 무차원 근처≫
(3) {철학} 어떤 명제의 참, 거짓을 사실에 비추어 검사하는 일. ≒ 실증
02(實證)(3)."
0172,DAY 06,쇠퇴,쇠퇴,衰退衰頹,"쇠할 쇠, 물러날 퇴, 쇠할 쇠, 무너질 퇴",2014수능A,명사,"기세나 상태가 쇠하여 전보다 못하여 감.
¶ 진보와 쇠퇴 / 국력의 쇠퇴 / 나이가 들면 기억력의 쇠퇴가 오기 마련이다."
0173,DAY 06,규명,규명,糾明,"얽힐 규, 밝을 명",2014수능A,명사,"어떤 사실을 자세히 따져서 바로 밝힘.
¶ 원인 규명 / 민들은 사건의 진상 규명을 촉구하였다."
0174,DAY 06,응전,응전,應戰,"응할 응, 싸울 전",2014수능A,명사,"상대편의 공격에 맞서서 싸움. 또는 상대편의 도전에 응하여 싸움.
¶ 도전과 응전 / 응전 태세를 갖추다."
0175,DAY 06,역경,역경02,逆境,"거스를 역, 지경 경",2014수능A,명사,"일이 순조롭지 않아 매우 어렵게 된 처지나 환경.
¶ 역경에 처하다. / 역경을 헤쳐 나가다. / 그는 어린 시절을 가난과 역경 속에서
보냈다."
0176,DAY 06,창의,창의04,創意,"비롯할 창, 뜻 의",2014수능A,명사,"새로운 의견을 생각하여 냄. 또는 그 의견.
¶ 창의를 억누르는 고압적인 분위기 / 이 건물에서는 모방 이상의 놀랄 만한 창의
가 엿보인다."
0177,DAY 06,분투,분투,奮鬪,"떨칠 분, 싸움 투",2014수능A,명사,"있는 힘을 다하여 싸우거나 노력함.
¶ 분투를 다짐하다. / 장신 선수들을 맞아 잘 싸운 우리 농구 팀의 분투에 박수를
보낸다."
0178,DAY 06,역량,역량01,力量,"힘 력, 헤아릴 량",2014수능A,명사,"어떤 일을 해낼 수 있는 힘.
¶ 역량을 기르다. / 역량을 발휘하다. / 그는 한 부서를 책임지기에는 역량이 부족
하다."
0179,DAY 06,대중,대중02,大衆,"큰 대, 무리 중",2014수능A,명사,"(1) 수많은 사람의 무리.
¶ 대중을 위한 문화 시설 / 대중 앞에 서다. / 대중을 모아 놓고 연설하다. / 대
중의 인기를 얻다.
(2) {사회} 대량 생산·대량 소비를 특징으로 하는 현대 사회를 구성하는 대다수의 사람. 엘
리트와 상대되는 개념으로, 수동적·감정적·비합리적인 특성을 가진다.
(3) {불교} 많이 모인 승려. 또는 비구, 비구니, 우바새, 우바니를 통틀어 이르는 말."
0180,DAY 06,모방,모방04,模倣摸倣摹倣,"본뜰 모, 본뜰 방, 본뜰 모, 본뜰 방, 베낄 모, 본뜰 방",2014수능A,명사,"(1) 다른 것을 본뜨거나 본받음. ≒ 모본
02(模本)(3)·모습
03(模襲).
¶ 외국 문물에 대한 분별없는 모방 / 예술 작품에서는 모방보다 창조를 더 소중히
여긴다.
(2) {사회} 사회 집단의 구성원들 사이에 나타나는 의식적·무의식적 반복 행위. 어떤 개인·
집단의 행위나 표현이 다른 개인·집단에 의하여 비슷하게 반복되면서 사회의 결
합 관계를 강화하게 되며, 어린이의 학습 과정이나 사회적 유행, 또는 전통의
계승에 있어서 중요한 의의를 가진다.
¶ 아이들은 모방을 통해 사회 규범을 익혀 나간다."
0181,DAY 07,배후,배후02,背後,"등 배, 뒤 후",2014수능A,명사,"(1) 등의 뒤.
¶ 배후에서 갑자기 나타나 어깨를 치는 바람에 깜짝 놀랐다.
(2) 어떤 대상이나 대오의 뒤쪽.
¶ 배후를 공격하다. / 배후를 지키다.
(3) 어떤 일의 드러나지 않은 이면.
¶ 배후 세력 / 배후 인물 / 배후를 가리다. / 배후로 지목되다. / 배후에서 조종하
다."
0182,DAY 07,인습,인습01,因習,"인할 인, 익힐 습",2014수능A,명사,"이전부터 전하여 내려오는 습관.
¶ 낡은 인습 / 인습의 굴레를 벗다. / 인습에 얽매이다. / 인습에 젖다. / 과거의
인습을 타파하다."
0183,DAY 07,기성세대,기성세대,,,2014수능A,명사,"현재 사회를 이끌어 가는 나이가 든 세대.
¶ 기성세대의 향수를 자극하는 옛 노래들이 다시 유행한다."
0184,DAY 07,터전,터전01,,,2014수능A,명사,"(1) 집터가 되는 땅.
¶ 부자 동네여서인지 집집마다 터전을 널찍널찍하게 잡고 있다.
(2) 자리를 잡은 곳. ≒ 기지
08(基地)(2).
¶ 경주는 신라의 옛 터전이었다.
(3) 살림의 근거지가 되는 곳.
¶ 터전을 잡다. / 터전을 마련하다. / 활동의 터전을 잃다. / 어부들은 바다가 삶
의 터전이다.
(4) 일의 토대.
¶ 문학의 터전 / 민주주의의 터전을 다지다. / 한국 출판계가 자립할 수 있는 터
전을 마련하다."
0185,DAY 07,인지도,인지도,認知度,"알 인, 알 지, 법도, 도",2014수능A/B,명사,"어떤 사람이나 물건을 알아보는 정도.
¶ 인지도가 낮다. / 인지도가 높다. / 제품의 인지도를 높이다."
0186,DAY 07,언급,언급,言及,"말씀 언, 미칠 급",2014수능A/B,명사,"어떤 문제에 대하여 말함. ≒ 언송
01(言送)(2).
¶ 언급을 회피하다. / 언급을 자제하다. / 그는 이번 사태에 대하여 아무런 언급이
없다."
0187,DAY 07,맥락,맥락,脈絡,"줄기 맥, 이을 락",2014수능A/B,명사,"(1) {의학} 혈관이 서로 연락되어 있는 계통.
(2) 사물 따위가 서로 이어져 있는 관계나 연관. ≒ 맥
01(脈)(2).
¶ 맥락이 닿다. / 그 문제는 문화적인 맥락에서 생각해야 한다."
0188,DAY 07,협찬,협찬,協贊,"화합할 협, 도울 찬",2014수능A/B,명사,"(1) 힘을 합하여 도움.
¶ 안달이 난 군수는 나중 인접해 있던 진영으로 거동하여 만호로 재임 중이던 초
여 선친 천추에게까지 협찬을 요구해 와…. ≪이문구, 오자룡≫
(2) 어떤 일 따위에 재정적으로 도움을 줌.
¶ 이번 공연은 세 방송사의 협찬으로 진행되었다."
0189,DAY 07,전개,전개02,展開,"펼 전, 열 개",2014수능A/B,명사,"(1) 열리어 나타남.
(2) 시작하여 벌임.
(3) 내용을 진전시켜 펴 나감.
(4) 책이나 종이 따위를 열어서 펴거나 널찍하게 폄. ‘펼침’으로 순화.
(5) {군사} 모여 있던 부대가 작전을 펼치기 위하여, 가로 또는 세로로 확장·배치됨. 보통
밀집 대형에서 전투 대형으로 산개함으로써 부대 정면을 확대하는 것을 이른다.
(6) {음악} 작곡에서, 주제를 분석하고 발전시켜 여러 각도에서 자유로이 변화시키는 일."
0190,DAY 07,빈번하다,빈번하다,頻繁,"하다, 자주, 빈, 많을, 번",2014수능A/B,형용사,"번거로울 정도로 도수(度數)가 잦다.
¶ 왕래가 빈번하다. / 전화 고장이 빈번하다. / 최근 도난 사고가 빈번하게 발생하
고 있다."
0191,DAY 07,활성화,활성화,活性化,"살 활, 성품, 성, 될 화",2014수능A/B,명사,"(1) 사회나 조직 등의 기능이 활발함. 또는 그러한 기능을 활발하게 함.
¶ 경제 활성화 / 투자 활성화 / 소극장의 설립이 연극 공연의 활성화로 이루어졌
다.
(2) {의학} 생체나 생체 물질이 그 기능을 발휘함. 또는 그런 일.
(3) {화학} 복사 에너지의 흡수, 방전, 입자살 충격 따위에 의하여 분자, 원자, 이온 따위의
에너지를 높여 화학 반응을 일으키기 쉬운 상태로 됨. 또는 그런 일.
(4) {화학} 촉매 따위에서, 표면 상태가 변화하거나 다른 물질이 첨가되어 그 기능이 높아
짐. 또는 그런 일.
(5) {화학} 효소 작용이 촉진됨. 또는 그런 일."
0192,DAY 07,조사,조사29,照射,"비출 조, 쏠 사",2014수능A,명사,"(1) 햇빛 따위가 내리쬠.
¶ 색 전등들의 조사 아래 발그레 요염해진 화장한 얼굴들이 내 부끄러운 눈을 황
홀하게 했다. ≪조해일, 아메리카≫
(2) 광선이나 방사선 따위를 쬠.
¶ 방사선 조사."
0193,DAY 07,제어,제어01,制御制馭,"절제할 제거느릴 어, 절제할 제, 말 부릴, 어",2014수능A,명사,"(1) 상대편을 억눌러서 제 마음대로 다룸.
¶ 만일 그이가 아니었던들 그 감때사나운 제자들을 누가 제어를 할 것인가.
≪현진건, 무영탑≫
(2) 감정, 충동, 생각 따위를 막거나 누름.
¶ 경애와의 이별과 실직이 가져다준 섣부른 자포자기의 감정이 명훈의 도덕적 제
어 능력을 없애 가는 최초의 증상이라고 할 수 있었다. ≪이문열, 변경≫
(3) 기계나 설비 또는 화학 반응 따위가 목적에 알맞은 작용을 하도록 조절함.
¶ 자동차가 갑자기 제어가 되지 않는다."
0194,DAY 07,편차,편차02,偏差,치우칠 편어긋날 차,2014수능A,명사,"(1) {군사} 정확하게 조준하여 쏜 탄환의 탄착점과 표적 사이의 거리.
(2) {수학} 수치, 위치, 방향 따위가 일정한 기준에서 벗어난 정도나 크기. ≒ 편의03(偏倚)."
0195,DAY 07,정밀,정밀02,精密,"정할 정, 빽빽할 밀",2014수능B,명사,"(주로 일부 명사 앞에 쓰여) 아주 정교하고 치밀하여 빈틈이 없고 자세함.
¶ 정밀 검사 / 정밀 조사 / 정밀 검진을 받다. / 이 작업은 정밀을 요한다."
0196,DAY 07,보정,보정02,補正,"기울 보, 바를 정",2014수능A,명사,"(1) 부족한 부분을 보태어 바르게 함. ‘바로잡음’으로 순화.
(2) {물리} 실험, 관측 또는 근삿값 계산 따위에서 결과에 포함된 외부적 원인에 의한 오차
를 없애고 참값에 가까운 값을 구하는 것.
(3) {법률} 소장(訴狀)의 형식적 요인 따위에 결함이 있을 경우에 이를 정정하고 보충하는
일.
(4) {수공} 옷 가공에서, 시침바느질한 옷을 입혀 보고 모자란 것을 보태고 잘못을 바로잡
음."
0197,DAY 07,체제,체제02,體制,"몸 체, 마를 제",2014수능B,명사,"(1) 생기거나 이루어진 틀. 또는 그런 됨됨이. ‘형식01’으로 순화.
(2) 사회를 하나의 유기체로 볼 때에, 그 조직이나 양식, 또는 그 상태를 이르는 말.
¶ 냉전 체제 / 체제 개편 / 중앙 집권 체제 / 새로운 지도 체제가 들어서다.
(3) 일정한 정치 원리에 바탕을 둔 국가 질서의 전체적 경향.
(4) {생물} 생물체 구조의 기본 형식. 몸체 각 부분의 분화 상태 및 상호 관계를 이른다.
(5) {철학} 각 부분이 목적에 맞도록 유기적으로 통일된 전체."
0198,DAY 07,매양,매양,,,2014수능B,부사,"매 때마다. ≒ 매매
03(每每)·매번[Ⅱ]·매양·연차
03(連次)(2).
¶ 약속을 번번이 어기다. / 시험에 번번이 낙방하다. / 좋은 기회를 번번이 놓치
다."
0199,DAY 07,이질성,이질성,異質性,다를 이바탕 질성품 성,2014수능B,명사,"서로 바탕이 다른 성질이나 특성.
¶ 통일 이후 남북한 이질성 극복이 무엇보다 중요하다."
0200,DAY 07,전제,전제08,前提,"앞 전, 끌 제",2014수능B,명사,"(1) 어떠한 사물이나 현상을 이루기 위하여 먼저 내세우는 것.
¶ 전제 조건 / 전제를 달다. / 그들은 결혼을 전제로 사귀고 있다.
(2) {논리} 추리를 할 때, 결론의 기초가 되는 판단. 삼단 논법에서는 대전제, 소전제를 구별
한다."
0201,DAY 07,분별,분별01,分別,"나눌 분, 나눌 별",2014수능B,명사,"(1) 서로 다른 일이나 사물을 구별하여 가름.
¶ 지금은 귀천의 분별이 없어졌다.
(2) 세상 물정에 대한 바른 생각이나 판단. ≒ 분변01(分辨).
¶ 분별 있게 행동하다. / 그는 분별이 없는 사람이다.
(3) 어떤 일에 대하여 배려하여 마련함.
¶ 꺽정이가 새 집에 가고 처소가 비는 때 색시를 아직 혼자 두기 염려되어서 한온
이의 분별로 늙은 여편네들이 함께 와서 있었다. ≪홍명희, 임꺽정≫
(4) {화학} 두 가지 이상의 물질이 섞여 있는 혼합물을 물리적·화학적 성질의 차이를 이용하
여 차례차례 단계적으로 분리함."
0202,DAY 07,그릇되다,그릇되다,,,2014수능B,동사,"(1) (주로 ‘그릇된’, ‘그릇되게’ 꼴로 쓰여) 어떤 일이 사리에 맞지 아니하다.
¶ 그릇된 가치관을 가지다. / 그릇된 길로 빠지다
(2) 어떤 일이나 형편이 잘못되다.
¶ 행여 일이 그릇될 때 퇴로가 없어 어쩌겠소? ≪이문열, 황제를 위하여≫
(3) 어떤 상태나 조건이 좋지 아니하다.
¶ 서재에서 무슨 서류인지 읽고 있는 아버지는 웬일인지 오늘만은 얼굴빛이 몹시
그릇되어 보였다. ≪김말봉, 찔레꽃≫"
0203,DAY 07,서문,서문03,序文,"차례 서, 글월 문",2014수능B,명사,"(1) 책이나 논문 따위의 첫머리에 내용이나 목적 따위를 간략하게 적은 글. ≒ 두서
01(頭
書)(1)·머리글·서기03(序記)·서문03(序文)(1)·서언02(序言)·서제01(序題).
¶ 서문을 보면 책의 내용을 대강 알 수 있다.
(2) {문학} 한문체의 한 가지인 서(序)의 체(體)로 된 글. ≒ 서
08(序)(2)."
0204,DAY 07,인지,인지08,認知,"알 인, 알 지",2014수능B,명사,"(1) 어떤 사실을 인정하여 앎.
(2) {법률} 혼인 외에 출생한 자녀에 대하여 친아버지나 친어머니가 자기 자식임을 확인하는
일.
(3) {심리} 자극을 받아들이고, 저장하고, 인출하는 일련의 정신 과정. 지각, 기억, 상상, 개
념, 판단, 추리를 포함하여 무엇을 안다는 것을 나타내는 포괄적인 용어로 쓴다.
≒ 인식(認識)(2)."
0205,DAY 07,지표,지표01,地表,"땅 지, 겉 표",2014수능B,명사,"지구의 표면. 또는 땅의 겉면. ≒ 땅거죽·땅겉·지표면.
¶ 마그마가 지표를 뚫고 솟아오르다. / 더운 열기가 지표를 뜨겁게 달구었다."
0206,DAY 07,편향,편향,偏向,"치우칠 편, 향할 향",2014수능B,명사,"(1) 한쪽으로 치우침.
¶ 서구 편향의 사고 / 개인적인 편향에 치우치다.
(2) {물리} 대전(帶電) 입자의 비행 방향을 전기장이나 자기장을 가하여 변화시킴."
0207,DAY 07,걸작,걸작,傑作,"뛰어날 걸, 만들 작",2014수능B,명사,"(1) 매우 훌륭한 작품.
¶ 당시 작품 중 걸작만을 모아 전시회를 열었다.
(2) 우스꽝스럽거나 유별나서 남의 주목을 끄는 사물이나 사람.
¶ 그의 시를 추천해 준 대가 시인의 추천사가 걸작이었다. ≪김승옥, 환상 수첩≫"
0208,DAY 07,소재,소재05,素材,"본디 소, 재목 재",2014수능B,명사,"(1) 어떤 것을 만드는 데 바탕이 되는 재료.
¶ 첨단 소재 / 전자 부품의 소재를 개발하다.
(2) 예술 작품에서 지은이가 말하고자 하는 바를 나타내기 위해 선택하는 재료.
¶ 한국 전쟁을 소재로 삼은 영화들 가운데 ‘전송가(戰頌歌)’를 연출한 감독이 바로
‘바람과 함께 지다’를 만든…. ≪안정효, 할리우드 키드의 생애≫
(3) {문학} 글의 내용이 되는 재료.
¶ 그 작가는 요즘 중산층의 의식과 생활을 소재로 한 작품을 쓰고 있다."
0209,DAY 07,탁월하다,탁월하다,卓越,"하다, 높을, 탁, 넘을, 월",2014수능B,형용사,"남보다 두드러지게 뛰어나다. ≒ 탁락하다
01.
¶ 탁월한 선택 / 그는 이야기를 재미있게 하는 데 탁월한 능력을 가지고 있다."
0210,DAY 07,다채롭다,다채롭다,多彩,"롭다, 많을, 다, 무늬, 채",2014수능B,형용사,"여러 가지 색채나 형태, 종류 따위가 한데 어울리어 호화스럽다. ≒ 컬러풀하다.
¶ 라디오 방송은 새로운 소식은 물론, 오락과 교양에 관한 내용을 다채롭게 전파
로 보내 주고 있다. / 가을 운동회에서는 다채로운 행사가 열린다."
0211,DAY 08,가공,가공01,加工,"더할 가, 장인 공",2014수능B,명사,"(1) 원자재나 반제품을 인공적으로 처리하여 새로운 제품을 만들거나 제품의 질을 높임.
¶ 식품 가공 / 목재 가공 / 가공 기술.
(2) {법률} 남의 소유물에 노력을 가하여 새로운 물건을 만들어 내는 일."
0212,DAY 08,전형,전형04,典型,"법 전, 거푸집 형",2014수능B,명사,"(1) 기준이 되는 형.
(2) 같은 부류의 특징을 가장 잘 나타내고 있는 본보기.
¶ 그는 고뇌하는 인간의 전형이다. / 시골 농가를 그릴 때는 내가 자란 고향의 초
가를 전형으로 떠올린다. / 하회는 ‘작은 안동’이라고 해야 할 정도로 안동 문
화의 한 전형을 보여 준다.
(3) 자손이나 제자의 모양이나 행동이 그 조상이나 스승을 닮은 틀."
0213,DAY 08,유례없이,유례없이,類例,"없이, 무리, 류, 법식, 례",2014수능B,부사,"(1) 같거나 비슷한 예가 없이.
(2) 전례가 없이.
¶ 사상 유례없이 치솟는 주가"
0214,DAY 08,자리매김,자리매김,,,2014수능B,명사,"사회나 사람들의 인식 따위에 어느 정도의 고정된 위치를 차지함. 또는 그런 일.
¶ 방송을 시작한 지 1년도 안 된 새내기지만 그녀의 자리매김은 눈부실 정도로 탄
탄하다."
0215,DAY 08,암묵적,암묵적,暗黙的,"어두울 암, 잠잠할 묵, 어조사 적",2014수능B,"관형사, , 명사","자기의 의사를 밖으로 나타내지 아니한. 또는 그런 것.
¶ 암묵적 강요 / 암묵적 담합"
0216,DAY 08,염원,염원,念願,"생각할 념, 원할 원",2014수능B,명사,"마음에 간절히 생각하고 기원함. 또는 그런 것. ‘바람
02’, ‘소원
04’으로 순화.
¶ 우리 겨레의 염원 / 염원이 크다. / 염원이 이루어지다. / 염원에 그치다. / 보
리와 감자와 옥수수만이 자라는 밭을 양답(良畓)으로 만들기 위해 물을 끌어 내
리리라는 오랜 염원과 함께…. ≪한수산, 유민≫"
0217,DAY 08,담론,담론,談論,"말씀 담, 말할 론",2014수능B,명사,"(1) 이야기를 주고받으며 논의함.
¶ 담론을 즐기다. / 담론을 벌이다. / 담론으로 밤을 밝히다.
(2) {문학} 소설에서, 서사 구조의 내용을 이루는 서술 전체.
(3) {언어} 한 문장보다 더 큰 일련의 문장."
0218,DAY 08,정수,정수20,精髓,"정할 정, 골수 수",2014수능B,명사,"(1) 뼈 속에 있는 골수. ≒ 정
29(精)(1).
(2) 사물의 중심이 되는 골자 또는 요점.
¶ 민족 문화의 정수 / 정수를 걸러 내다. / 정수를 모아 놓다. / 회화의 정수를
보이다."
0219,DAY 08,지평,지평01,地平,"땅 지, 평평할 평",2014수능B,명사,"(1) 대지의 편평한 면.
¶ 저 아득한 높이에서 반짝이고 있는 수면을 기어올라야만 비로소 탁 트인 지평을
조망할 수 있으리라고 생각되는 것이었다. ≪이동하, 도시의 늪≫
(2) 편평한 대지의 끝과 하늘이 맞닿아 경계를 이루는 선.
¶ 지평 위로 해가 떠오른다.
(3) 사물의 전망이나 가능성 따위를 비유적으로 이르는 말.
¶ 유전 공학의 새 지평을 열다. / 그의 소설은 한국 문학의 지평을 넓혔다."
0220,DAY 08,창시하다,창시하다,創始,"하다, 비롯할, 창, 처음, 시",2014수능B,동사,"【…을】 어떤 사상이나 학설 따위를 처음으로 시작하거나 내세우다. ≒ 시창하다
02·창개하다.
¶ 특사로 일 년 만에 귀양이 풀린 나인영은 나철이라 개명하고 대종교를 창시하여
학도를 모았다. ≪현기영, 변방에 우짖는 새≫"
0221,DAY 08,현학적,현학적,衒學的,"자랑할 현, 배울 학, 어조사 적",2014수능B,"관형사, , 명사","학식이 있음을 자랑하는. 또는 그런 것.
¶ 현학적 태도 / 현학적 말투 / 현학적인 사람 / 글이 너무 현학적이어서 내용을
이해하기 어렵다. / 기차간에서도 그 친구는 그 현학적인 표현으로 내 호흡을
답답하게 했었다. ≪김승옥, 그와 나≫"
0222,DAY 08,유려하다,유려하다,流麗,"하다, 흐를, 류, 고울, 려",2014수능B,형용사,"글이나 말, 곡선 따위가 거침없이 미끈하고 아름답다.
¶ 유려한 문장 / 유려한 필치 / 유려한 문체 / 에밀레종의 곡선은 유려하기로 유
명하다. / 그의 말은 유려하여 듣는 사람의 가슴을 울리는 바가 있었다.
≪전상국, 달평 씨의 두 번째 죽음≫"
0223,DAY 08,착상,착상02,着想,"붙을 착, 생각할 상",2014수능B,명사,"어떤 일이나 창작의 실마리가 되는 생각이나 구상 따위를 잡음. 또는 그 생각이나 구상.
¶ 착상을 얻다 / 착상이 기발하다. / 문제 해결을 위한 기발한 착상이 떠올랐다."
0224,DAY 08,부조,부조03,扶助,"도울 부, 도울 조",2013수능,명사,"(1) 잔칫집이나 상가(喪家) 따위에 돈이나 물건을 보내어 도와줌. 또는 돈이나 물건.
¶ 결혼식 부조 / 장례식 부조. / 나졸 초상에 부조가 쌀이 두 되? 허허, 살다가
까마귀 아래턱 튕길 소리 한번 들어보겠네. ≪송기숙, 녹두장군≫
(2) 남을 거들어서 도와주는 일.
¶ 생계 부조 / 이 딸이 집에 와 있으면 그만큼 살림에 부조가 되고 의지가 되련마
는 뺏긴 것이 아깝고 샘도 나는 것이었다. ≪염상섭, 취우≫"
0225,DAY 08,해이,해이01,解弛,"풀 해, 늦출 이",2013수능,명사,"긴장이나 규율 따위가 풀려 마음이 느슨함. ‘풀림’으로 순화.
¶ 진종일 걷는 동안 얼마쯤 가라앉았던 마음이 다 왔다는 해이 때문인지 다시 다
급해져서, 그는 대낮같이 밝은 길에서 두어 번이나 발을 헛디뎠다.
≪한무숙, 만남≫"
0226,DAY 08,충당,충당01,充當,"찰 충, 당할 당",2013수능,명사,"모자라는 것을 채워 메움.
¶ 자원 충당 / 사업 자금 충당 / 인력 충당"
0227,DAY 08,창출,창출01,創出,"비롯할 창, 날 출",2013수능,명사,"전에 없던 것을 처음으로 생각하여 지어내거나 만들어 냄. ‘새로 만듦’으로 순화.
¶ 공화국의 창출 과정 / 새로운 국가 지도력의 창출 / 소설은 어떤 태도나 신념의
창출 과정이지 그것의 완결적 주장이 아니라는 점에서….
≪이청준, 전짓불 앞의 방백≫"
0228,DAY 08,신탁,신탁02,信託,"믿을 신, 부탁할 탁",2013수능,명사,"(1) 믿고 맡김.
(2) {법률} 일정한 목적에 따라 재산의 관리와 처분을 남에게 맡기는 일."
0229,DAY 08,체납,체납,滯納,"막힐 체, 바칠 납",2013수능,명사,"세금 따위를 기한까지 내지 못하여 밀림. ≒ 건납(愆納).
¶ 세금 체납 / 전화 요금 체납으로 전화가 끊겼다."
0230,DAY 08,징수,징수02,徵收,"부를 징, 거둘 수",2013수능,명사,"(1) 나라, 공공 단체, 지주 등이 돈, 곡식, 물품 따위를 거두어들임. ≒ 징봉(徵捧)(1).
¶ 공물 징수 / 조합비 징수 / 시험료 징수 / 혹독한 소작료 징수에 시달린 소작인
들.
(2) {법률} 행정 기관이 법에 따라서 조세, 수수료, 벌금 따위를 국민에게서 거두어들이는
일. ≒ 징봉(2)."
0231,DAY 08,고갈,고갈01,枯渴,"마를 고, 목마를 갈",2013수능,명사,"(1) 물이 말라서 없어짐.
¶ 식수 고갈로 어려움을 겪다.
(2) 어떤 일의 바탕이 되는 돈이나 물자, 소재, 인력 따위가 다하여 없어짐.
¶ 자원의 고갈 현상 / 그 단체는 자금 고갈로 어려움을 겪고 있다.
(3) 느낌이나 생각 따위가 다 없어짐.
¶ 생명에 대한 외경심의 고갈 / 정서의 고갈로 사회는 더욱 각박하게 되었다."
0232,DAY 08,추출,추출,抽出,"뺄 추, 날 출",2013수능,명사,"(1) 전체 속에서 어떤 물건, 생각, 요소 따위를 뽑아냄.
(2) {수학} 모집단(母集團)에서 표본을 뽑아내는 일.
(3) {화학} 고체 또는 액체의 혼합물에 용매(溶媒)를 가하여 혼합물 속의 어떤 물질을 용매
에 녹여 뽑아내는 일."
0233,DAY 08,연산,연산05,演算,"멀리흐를, 연, 셀 산",2013수능,명사,"{수학}
(1) 식이 나타낸 일정한 규칙에 따라 계산함. ≒ 운산04(運算).
(2) 공집합이 아닌 집합에서, 그 집합에 속하는 임의의 두 원소로부터 제3의 원소를 만듦."
0234,DAY 08,보완,보완,補完,"기울 보, 완전할 완",2013수능,명사,"모자라거나 부족한 것을 보충하여 완전하게 함.
¶ 보완 대책 / 제도의 보완 작업 / 단점 보완 / 문제점 보완을 위하여 최선을 다
하였다. / 이 법의 시행에 허점이 있어 제도적으로 대폭 보완이 필요하다."
0235,DAY 08,출력,출력,出力,"날 출, 힘 력",2013수능,명사,"(1) 어떤 일에 필요한 돈이나 물자 따위를 내놓음.
(2) {기계} 엔진, 전동기, 발전기 따위가 외부에 공급하는 기계적·전기적 힘.
¶ 송신을 하는 데는 발전기의 출력이 모자라는 탓인지 상대편으로부터의 반응이
없었다. ≪이병주, 지리산≫
(3) {물리} 원동기, 펌프 따위 기계나 장치가 입력을 받아 외부로 해낼 수 있는 일의 양.
(4) {컴퓨터} 컴퓨터 따위의 기기(機器)나 장치가 입력을 받아 일을 하고 외부로 결과를 내
는 일. 또는 그 결과. ‘냄’, ‘빼냄’으로 순화. ≒ 아웃풋(4)."
0236,DAY 08,착안,착안02,着眼,"붙을 착, 눈 안",2013수능,명사,"어떤 일을 주의하여 봄. 또는 어떤 문제를 해결하기 위한 실마리를 잡음. ‘눈여겨봄’, ‘실마
리를 얻음’으로 순화. ≒ 착목
01(着目).
¶ 착안 사항 / 이 얼마나 기상천외의 착안을 끝내 해낸 것입니까.
≪장용학, 요한 시집≫"
0237,DAY 08,결속,결속,結束,"맺을 결, 묶을 속",2013수능,명사,"(1) 한 덩어리가 되게 묶음.
(2) 뜻이 같은 사람끼리 서로 단결함.
¶ 국민적 결속 / 결속을 강화하다. / 결속을 다지다.
(3) 여행을 떠나거나 싸움터에 나설 때에 몸단속을 함. 또는 그럴 때의 몸단속.
(4) 하던 일이나 말을 수습하고 정리하여 끝맺음.
¶ 의견을 종합하여 결속을 지었다.
(5) 전선 따위를 서로 통할 수 있도록 연결함.
¶ 이 제품은 공구 없이도 전선의 결속이 가능하다."
0238,DAY 08,누수,누수04,漏水,"샐 루, 물 수",2013수능,명사,"(1) 물이 샘. 또는 새어 나오는 물.
¶ 제방의 누수 방지를 위하여 제방 뒷면에 흙을 쌓았다.
(2) 물시계에서 떨어지는 물."
0239,DAY 08,탐지,탐지,探知,"찾을 탐, 알 지",2013수능,명사,"드러나지 않은 사실이나 물건 따위를 더듬어 찾아 알아냄.
¶ 비밀 탐지 / 적정 탐지 / 지뢰 탐지."
0240,DAY 08,입안,입안03,立案,"설 립, 책상 안",2013수능,명사,"(1) 어떤 안(案)을 세움. 또는 그 안건.
¶ 정책 입안 / 국회에서는 특별법의 입안을 담당할 소위원회를 새로이 구성했다.
(2) {역사} 조선 시대에, 관아에서 어떠한 사실을 인증(認證)한 서면(書面)."
0241,DAY 09,수립,수립02,樹立,"나무 수, 설 립",2013수능,명사,"국가나 정부, 제도, 계획 따위를 이룩하여 세움.
¶ 정책 수립 / 새 정부의 수립을 계기로 사면령이 발표되었다."
0242,DAY 09,미흡하다,미흡하다,未洽,"하다, 아닐, 미, 윤택히, 할 흡",2013수능,형용사,"아직 흡족하지 못하거나 만족스럽지 아니하다.
¶ 미흡한 설명 / 사전 조치가 미흡하다. / 영달이가 회의를 진행시킨 방법에는 다
소 미흡한 점이 있긴 하지만, 그만한 정도는 큰일을 하는 데 으레 따르게 마련
이라고 했다. ≪김춘복, 쌈짓골≫"
0243,DAY 09,기탁,기탁,寄託,"부칠 기, 부탁할 탁",2013수능,명사,"(1) 어떤 일을 부탁하여 맡겨 둠.
(2) {법률} 당사자 중 한쪽이 금전이나 물건을 맡기고 상대편이 이를 보관하기로 약속함. 또
는 그로써 성립하는 계약."
0244,DAY 09,점층,점층,漸層,"점점 점, 층 층",2013수능,명사,"글에서 점진적으로 어구를 겹쳐 가면서 문장의 포괄적인 내용과 뜻을 넓혀 중심 주제로 이
끌어 감."
0245,DAY 09,소통,소통02,疏通,"트일 소, 통할 통",2013수능,명사,"(1) 막히지 아니하고 잘 통함.
¶ 소통 장애 / 차량의 원활한 소통.
(2) 뜻이 서로 통하여 오해가 없음.
¶ 서로의 의견 소통이 잘 이루어지다. / 그 일이 응어리가 되어 두 사람 사이의
의사나 정의 소통이 예전처럼 부드럽지가 못한 건 벌써부터였지만 이번처럼 격
렬하고 적나라하게 따진 적은 없었다. ≪박완서, 미망≫"
0246,DAY 09,귀납,귀납,歸納,"돌아갈 귀, 바칠 납",2013수능,명사,"{논리} 개별적인 특수한 사실이나 원리로부터 일반적이고 보편적인 명제 및 법칙을 유도해
내는 일. 추리 및 사고방식의 하나로, 개연적인 확실성만을 가진다. ≒ 귀납적 삼단
논법·귀납 추리."
0247,DAY 09,반증,반증,反證,"되돌릴 반, 증거 증",2013수능,명사,"(1) 어떤 사실이나 주장이 옳지 아니함을 그에 반대되는 근거를 들어 증명함. 또는 그런 증
거.
¶ 우리에겐 그 사실을 뒤집을 만한 반증이 없다. / 그의 주장은 논리가 워낙 치밀
해서 반증을 대기가 어렵다.
(2) (주로 ‘-는/-다는 반증이다’ 구성으로 쓰여) 어떤 사실과 모순되는 것 같지만, 오히려
그것을 증명한다고 볼 수 있는 사실.
¶ 암호까지 하달했다는 것은 당성을 의심하기는커녕 당성을 얼마나 신뢰하고 있는
가 하는 좋은 반증이었던 것이다. ≪조정래, 태백산맥≫"
0248,DAY 09,연역,연역03,演繹,"멀리흐를, 연, 풀어낼 역",2013수능,명사,"{논리} 어떤 명제로부터 추론 규칙에 따라 결론을 이끌어 냄. 또는 그런 과정. 일반적인 사
실이나 원리를 전제로 하여 개별적인 사실이나 보다 특수한 다른 원리를 이끌어 내
는 추리를 이른다. 경험을 필요로 하지 않는 순수한 사유에 의하여 이루어지며 그
전형은 삼단 논법이다. ≒ 연역적 추리·연역 추리·형식적 추리·형식 추리."
0249,DAY 09,확장,확장,擴張,"넓힐 확, 베풀 장",2013수능,명사,"범위, 규모, 세력 따위를 늘려서 넓힘.
¶ 사업 확장 / 군비 확장 계획 / 고속 도로 확장이 시급하다. / 도서관의 확장으
로 많은 학생들이 편리하게 공부할 수 있게 되었다."
0250,DAY 09,전무,전무01,全無,"온전할 전, 없을 무",2013수능,명사,"전혀 없음.
¶ 안전사고 전무 / 그 불빛이 꺼져 버리는 순간 그것은 그대로 전무이며 끝 모를
허망이었다. ≪이문열, 영웅시대≫"
0251,DAY 09,결여,결여01,缺如,"이지러질, 결, 같을 여",2013수능,명사,"마땅히 있어야 할 것이 빠져서 없거나 모자람. ≒ 결언·궐언·궐여.
¶ 객관성 결여 / 정신력의 결여 / 나는 내 무지와 신심의 결여를 꾸짖으며 고개를
꺾었다. ≪김성동, 만다라≫"
0252,DAY 09,사후,사후03,事後,"일 사, 뒤 후",2013수능,명사,"일이 끝난 뒤. 또는 일을 끝낸 뒤. ≒ 사과후.
¶ 사후 처리 / 사후에 영장을 교부하다. / 관계 부처에서는 이 사건의 진상 파악
과 사후 대책을 마련하기 위한 작업을 철야로 진행 중이다."
0253,DAY 09,부재,부재03,不在,"아니 부, 있을 재",2013수능,명사,"그곳에 있지 아니함.
¶ 치안 부재 / 지도력 부재 / 정책 부재와 경험 부족으로 곤란을 겪다. / 어머니
의 부재로 집안은 늘 썰렁했다."
0254,DAY 09,체취,체취,體臭,"몸 체, 냄새 취",2013수능,명사,"(1) 몸에서 나는 냄새. ≒ 몸내.
¶ 오랫동안 목욕을 못한 그의 몸에서는 짐승의 체취 같은 짙은 악취가 풍겨 왔다.
≪홍성원, 육이오≫ / 나는 손수건을 꺼내어 이마와 목을 훔친 다음 코에 대어
보았다. 땀에 쉰 나의 체취가 코를 쑤셨다. ≪서기원, 이 성숙한 밤의 포옹≫
(2) 어떤 개인이나 작품에서 풍겨 나오는 특유의 느낌.
¶ 그에게서 귀족적인 체취가 난다. / 검고 굵은 눈썹과 강건한 턱 선이 고집깨나
센 성격 같아 보이면서도, 전체적으로 풍기는 체취가 도무지 때 묻은 생활의
티끌이 느껴지지 않았다. ≪김원일, 노을≫"
0255,DAY 09,포섭,포섭,包攝,"쌀 포, 당길 섭",2013수능,명사,"(1) 상대편을 자기편으로 감싸 끌어들임.
¶ 포섭 공작 / 포섭을 기도하다. / 간첩에게 포섭을 당하다. / 말조차 붙이지 못할
정도로 권위와 거드름을 피우는 간수들은 포섭 대상에서 제외된다.
≪최인호, 지구인≫
(2) {논리} 어떤 개념이 보다 일반적인 개념에 포괄되는 종속 관계. 포유류와 척추동물의 관
계 따위이다."
0256,DAY 09,유동,유동02,流動,"흐를 류, 움직일 동",2013수능,명사,"(1) 액체 상태의 물질이나 전류 따위가 흘러 움직임.
¶ 물의 유동이 거의 없는 늪.
(2) 이리저리 자주 옮겨 다님.
¶ 유동 인구."
0257,DAY 09,가정,가정07,假定,"거짓 가, 정할 정",2013수능,명사,"(1) 사실이 아니거나 또는 사실인지 아닌지 분명하지 않은 것을 임시로 인정함.
¶ 그의 의식 속에는 만약이라는 가정이 항상 존재하고 있다. / 6월 초 선거가 실
시된다는 가정 아래 준비를 해 왔다.
(2) {논리} 결론에 앞서 논리의 근거로 어떤 조건이나 전제를 내세움. 또는 그 조건이나 전
제.
(3) {수학} 정리에서, 어떤 조건을 임시로 내세움. 또는 그 조건."
0258,DAY 09,간명하다,간명하다02,簡明,"하다, 대쪽, 간, 밝을, 명",2013수능,형용사,간단하고 분명하다.
0259,DAY 09,압도,압도02,壓倒,"누를 압, 넘어질 도",2013수능,명사,"(1) 눌러서 넘어뜨림.
(2) 보다 뛰어난 힘이나 재주로 남을 눌러 꼼짝 못하게 함.
¶ 그의 성난 기세에 압도를 당하여 모두 아무 말도 못 하였다."
0260,DAY 09,수상,수상07,受賞,"받을 수, 상줄 상",2013수능,명사,"상을 받음.
¶ 수상 소감 / 문학상 수상 작품 / 화려한 수상 경력을 쌓다. / 대상 수상이 확실
시되다. / 그는 많은 대회에서 수상을 한 경력이 있다."
0261,DAY 09,보정,보정02,補正,"기울 보, 바를 정",2013수능,명사,"(1) 부족한 부분을 보태어 바르게 함. ‘바로잡음’으로 순화.
(2) {물리} 실험, 관측 또는 근삿값 계산 따위에서 결과에 포함된 외부적 원인에 의한 오차
를 없애고 참값에 가까운 값을 구하는 것."
0262,DAY 09,선행,선행01,先行,"먼저 선, 갈 행",2013수능,명사,"(1) 어떠한 것보다 앞서가거나 앞에 있음.
¶ 선행 부대.
(2) 딴 일에 앞서 행함. 또는 그런 행위.
¶ 선행 작업 / 선행 투자."
0263,DAY 09,별도,별도01,別途,"나눌 별, 길 도",2013수능,명사,"(1) 원래의 것에 덧붙여서 추가한 것.
¶ 손님을 위한 방이 별도로 마련되어 있습니다. / 이 문제는 별도의 기구에서 다
룰 예정이다. / 입학금을 마련하기 위해 별도의 적금을 들어 두었다. / 어차피
별도 조사가 있을 테니까 감춰 봐야 고생만 하게 돼. ≪이문열, 변경≫
(2) 딴 방면.
¶ 이 문제는 별도의 잣대를 대어 보는 방법도 병행해야 할 것이다. / 이전 계획과
는 별도로 생각해 볼 문제이다."
0264,DAY 09,생략,생략,省略,"덜 생, 다스릴 략",2013수능,명사,"전체에서 일부를 줄이거나 뺌. ≒ 약05(略)(1)·약생(略省).
¶ 이하 생략 / 문장 성분의 생략."
0265,DAY 09,이견,이견,異見,"다를 이, 볼 견",2013수능,명사,"어떠한 의견에 대한 다른 의견. 또는 서로 다른 의견.
¶ 이견을 내놓다. / 이견을 가지다. / 그의 말에는 이견을 달 여지가 없었다. / 양
편의 이견을 좁히지 못해서 협상이 결렬되었다. / 그를 도와주자는 데는 이견
이 없다."
0266,DAY 09,파생,파생01,派生,"물갈래 파, 날 생",2013수능,명사,"사물이 어떤 근원으로부터 갈려 나와 생김.
¶ 파생 과정 / 파생 상품."
0267,DAY 09,명료하다,명료하다,明瞭,"하다, 밝을, 명, 밝을, 료",2012수능,형용사,"뚜렷하고 분명하다.
¶ 명료한 표현 / 지나간 성인들의 가르침은 하나같이 간단하고 명료했다. ≪법정,
무소유≫ / 소녀가 어른의 마음을 찌르는 소리를 했던 것이 밑도 끝도 없이 명
료하게 떠올랐다. ≪박완서, 오만과 몽상≫"
0268,DAY 09,모형,모형05,模形模型,"본뜰 모, 모양 형, 본뜰 모, 거푸집 형",2012수능,명사,"(1) 모양이 같은 물건을 만들기 위한 틀. ≒ 모본02(模本)(2).
(2) 실물을 모방하여 만든 물건.
¶ 건물 모형 / 이것은 신도시의 모형입니다.
(3) {미술} 작품을 만들기 전에 미리 만든 본보기 또는 완성된 작품을 줄여서 만든 본보기.
¶ 조각을 하기에 앞서 모형을 뜨다."
0269,DAY 09,사태,사태06,事態,"일 사, 모양 태",2012수능,명사,"일이 되어 가는 형편이나 상황. 또는 벌어진 일의 상태. ≒ 사상10(事狀)·사체07(事體)(2).
¶ 긴급한 사태 / 폭력 사태 / 사태를 수습하다. / 사태가 심각하다. / 사태를 관망
하다. / 사태를 예견하다. / 유일하게 오빠만이 흥분하지 않고 그 사태를 차근
차근 갈피 잡아 바른 판단을 하려는 침착성을 보였다. ≪박완서, 엄마의 말뚝≫"
0270,DAY 09,형이상학,형이상학01,,,2012수능,명사,"{철학}
(1) 사물의 본질, 존재의 근본 원리를 사유나 직관에 의하여 탐구하는 학문. 명칭은 아리스
토텔레스의 저작물의 제목에서 유래한다. ≒ 무형학.
(2) 헤겔·마르크스 철학에서, 비변증법적 사고를 이르는 말.
(3) 초경험적인 것을 대상으로 하는 학문을, 형이하 또는 경험적 대상의 학문인 자연 과학
에 상대하여 이르는 말.
(참고 어휘) 형이하학(形而下學)."
0271,DAY 10,침묵,침묵,沈黙,"가라앉을, 침, 묵묵할 묵",2012수능,명사,"(1) 아무 말도 없이 잠잠히 있음. 또는 그런 상태.
¶ 침묵이 흐르다. / 침묵을 깨뜨리다 / 침묵을 지키다
(2) 정적(靜寂)이 흐름. 또는 그런 상태.
¶ 침묵에 빠지다 / 침묵에 싸이다
(3) 어떤 일에 대하여 그 내용을 밝히지 아니하거나 비밀을 지킴. 또는 그런 상태.
¶ 그 사건에 관련된 사람들은 하나같이 침묵으로 일관하고 있었다.
(4) 일의 진행 상태나 기계 따위가 멈춤. 또는 그런 상태.
¶ 작가가 오랜 침묵을 깨고 신작을 발표했다."
0272,DAY 10,관념,관념02,觀念,"볼 관, 생각할 념",2012수능,명사,"(1) 어떤 일에 대한 견해나 생각.
¶ 잘못된 시간 관념을 갖다 / 낡은 관념을 극복하다
(2) 현실에 의하지 않는 추상적이고 공상적인 생각.
¶ 관념에 빠지다.
(3) {심리} 사고(思考)의 대상이 되는 의식의 내용, 심적 형상(心的形象)을 통틀어 이르는
말.
(4) {철학} 어떤 대상에 관한 인식이나 의식 내용."
0273,DAY 10,분포,분포02,分布,"나눌 분, 베 포",2012수능,명사,"(1) 일정한 범위에 흩어져 퍼져 있음.
¶ 버스, 지하철 노선의 분포 / 각종 산업의 지역적 분포 / 인구의 분포
(2) {생물} 동식물의 지리적인 생육 범위."
0274,DAY 10,지각,지각04,知覺,"알 지, 깨달을 각",2012수능,명사,"(1) 알아서 깨달음. 또는 그런 능력.
¶ 이미 더위를 먹을 대로 먹어 버린 우리의 지각은 일단 받아들인 명령을 다리에
까지 전달하는 일에 몹시 게으르고 불성실했다.
≪윤흥길, 제식 훈련 변천 약사≫
(2) 사물의 이치나 도리를 분별하는 능력.
¶ 지각을 차리다 / 지각이 나다 / 지각이 들다 / 지각이 부족하다
(3) {심리} 감각 기관을 통하여 대상을 인식함. 또는 그런 작용. 그 작용의 결과로 지각체가
형성된다."
0275,DAY 10,대역,대역06,帶域,"띠 대, 지경 역",2012수능,명사,{물리} 어떤 폭으로써 정해진 범위. 최대 주파수에서 최저 주파수까지의 구역을 말한다.
0276,DAY 10,간섭,간섭,干涉,"방패 간, 건널 섭",2012수능,명사,"(1) 직접 관계가 없는 남의 일에 부당하게 참견함.
¶ 간섭에서 벗어나다. / 간섭을 받다. / 남의 일에 지나친 간섭을 하지 마라.
(2) {물리} 두 개 이상의 파(波)가 한 점에서 만날 때 합쳐진 파의 진폭이 변하는 현상. 음
파(音波)에서는 굉음(轟音)이, 빛에서는 간섭무늬가 나타난다."
0277,DAY 10,치중,치중02,置重,"둘 치, 무거울 중",2012수능,명사,"어떠한 것에 특히 중점을 둠. ≒ 주중
02(注重).
¶ 그 학생은 영어에 대한 지나친 치중으로 과학 성적이 좋지 않았다."
0278,DAY 10,이윤,이윤02,利潤,"이로울 리, 불을 윤",2012수능,명사,"(1) 장사 따위를 하여 남은 돈.
¶ 이윤을 남기다. / 이윤이 없다.
(2) {경제} 기업의 총수입에서 임대, 지대, 이자, 감가상각비 따위를 빼고 남는 순이익.
¶ 이윤 배당."
0279,DAY 10,간과,간과02,看過,"볼 간, 지날 과",2012수능,명사,큰 관심 없이 대강 보아 넘김.
0280,DAY 10,이분,이분02,二分,"둘 이, 나눌 분",2012수능,명사,"(1) 둘로 나눔.
(2) 춘분과 추분을 통틀어 이르는 말."
0281,DAY 10,차원,차원01,次元,"버금 차, 으뜸 원",2012수능,명사,"(1) 사물을 보거나 생각하는 처지. 또는 어떤 생각이나 의견 따위를 이루는 사상이나 학식
의 수준.
¶ 차원이 낮은 영화 / 국가 차원에서 조사할 문제 / 한 차원 높은 대화
(2) {물리} 물리량의 성질을 나타내는 것. 또는 물리량의 기본 단위와 유도 단위의 관계.
(3) {수학} 기하학적 도형, 물체, 공간 따위의 한 점의 위치를 말하는 데에 필요한 실수의
최소 개수. 직선은 1차원, 평면은 2차원, 입체는 3차원이지만 n차원이나 무한
차원의 공간도 생각할 수 있다."
0282,DAY 10,출현,출현,出現,"날 출, 나타날 현",2012수능,명사,"(1) 나타나거나 또는 나타나서 보임.
¶ 고대 국가의 출현 / 구세주의 출현 / 뜻하지 않은 그의 출현이 우리를 몹시 놀
라게 했다. / 예기치 않은 산짐승의 출현으로 고요하던 숙영지는 묘한 흥분에
휩싸여 있다. ≪홍성원, 육이오≫
(2) {천문} 행성이나 위성에 가려졌던 천체가 다시 나타남."
0283,DAY 10,수단,수단01,手段,"손 수, 구분 단",2012수능,명사,"(1) 어떤 목적을 이루기 위한 방법. 또는 그 도구.
¶ 생계 수단 / 표현 수단 / 최후의 수단 / 온갖 수단을 다 동원하다.
(2) 일을 처리하여 나가는 솜씨와 꾀.
¶ 수단이 좋다. / 형은 사람을 설득하는 수단이 뛰어났다."
0284,DAY 10,표음,표음,表音,"겉 표, 소리 음",2012수능,명사,{언어} 문자나 부호로 소리를 나타내는 일.
0285,DAY 10,태동,태동01,胎動,"아이 밸, 태, 움직일 동",2012수능,명사,"(1) {의학} 모태 안에서의 태아의 움직임.
¶ 아기의 태동을 느끼다.
(2) 어떤 일이 생기려는 기운이 싹틈.
¶ 근대 사회의 태동 / 이 원대한 계획은 아직 태동 단계에 불과하다."
0286,DAY 10,견지,견지02,見地,"볼 견, 땅 지",2012수능,명사,"어떤 사물을 판단하거나 관찰하는 입장.
¶ 거시적인 견지 / 예술가의 견지로 보면 하찮은 돌멩이도 훌륭한 작품 소재가 된
다. / 인도적 견지에서 이웃 나라에 식량을 지원했다."
0287,DAY 10,착상,착상02,着想,"붙을 착, 생각할 상",2012수능,명사,"어떤 일이나 창작의 실마리가 되는 생각이나 구상 따위를 잡음. 또는 그 생각이나 구상.
¶ 착상을 얻다. / 착상이 기발하다. / 문제 해결을 위한 기발한 착상이 떠올랐다.
/ 컴퓨터는 계산기의 필요성에 관한 착상에서 발전되었다."
0288,DAY 10,도래,도래07,到來,"이를 도, 올 래",2012수능,명사,"어떤 시기나 기회가 닥쳐옴.
¶ 민주주의의 도래 / 새 시대의 도래를 알리는 국민의 함성 / 사실 그것은 지금으
로서는 미래에 속해 있다는 것 외에 그 도래를 낙관할 근거는 그리 많지 않다.
≪이문열, 영웅시대≫"
0289,DAY 10,염두,염두01,念頭,"생각할 념, 머리 두",2012수능,명사,"(1) 생각의 시초.
¶ 흥! 그런 생각은 염두에도 없거니와 그런 마음에도 없는 것을 하지 않으면 안
될 이유는 어디 있는가? ≪염상섭, 만세전≫
(2) 마음의 속. ≒ 가슴속·격
04(2)·속가슴·심리
02(心裏)·심중
01(心中)·염두
01(念頭)(2)·의중
01(意
中)·회리
04(懷裏)(1)·회중
03(懷中)(2)·흉격.
¶ 염두 밖의 일 / 염두에 없다."
0290,DAY 10,재고,재고01,再考,"두 재, 생각할 고",2012수능,명사,"어떤 일이나 문제 따위에 대하여 다시 생각함. ≒ 갱고.
¶ 그 일의 결과는 너무나 뻔하므로 재고의 여지도 없다."
0291,DAY 10,교란,교란02,攪亂,"어지러울 교, 어지러울 란",2012수능,명사,"마음이나 상황 따위를 뒤흔들어서 어지럽고 혼란하게 함. ‘어지럽힘’, ‘혼란스럽게 만듦’으로
순화.
¶ 경찰은 사회 질서의 교란을 노리는 불순 세력을 뿌리 뽑기로 했다."
0292,DAY 10,오차,오차,誤差,그릇할 오어긋날 차,2012수능,명사,"(1) {수학} 실지로 셈하거나 측정한 값과 이론적으로 정확한 값과의 차이.
¶ 오차가 나다. / 오차가 크다. / 오차를 줄이다. / 세밀하게 오차를 계산하다.
(2) {수학} 참값과 근삿값과의 차이.
(3) {물리} 물리량의 측정값과 참값의 차이.
(4) 실수 또는 잘못.
¶ 그의 계획은 한 치의 오차도 없이 진행되어 갔다."
0293,DAY 10,정밀,정밀02,精密,"정할 정, 빽빽할 밀",2012수능,명사,"(주로 일부 명사 앞에 쓰여) 아주 정교하고 치밀하여 빈틈이 없고 자세함.
¶ 정밀 검사 / 정밀 조사 / 정밀 검진을 받다. / 이 작업은 정밀을 요한다."
0294,DAY 10,검증,검증,檢證,"검사할 검, 증거 증",2012수능,명사,"(1) 검사하여 증명함.
¶ 검증 결과 / 그 이론은 검증을 거치지 않은 것이므로 신뢰할 수 없다.
(2) {법률} 법관이나 수사관이 자기의 감각으로 어떤 대상의 성질이나 상태 따위를 인식하여
증거를 조사하는 일.
¶ 화장터엔 아직도 머리를 잃어버린 시인의 관이 승화하지 못한 채 관할 서 형사
들의 검증을 받고 있었다. ≪김성일, 무차원 근처≫
(3) {철학} 어떤 명제의 참, 거짓을 사실에 비추어 검사하는 일. ≒ 실증02(實證)(3)"
0295,DAY 10,여건,여건01,與件,"줄 여, 물건 건",2012수능,명사,"(1) 주어진 조건.
¶ 생활 여건 / 여건을 갖추다. / 좋은 여건을 마련하다. / 여건이 나쁘다.
(2) {논리} 연구 따위의 출발점으로서 이의 없이 받아들여지는 사실이나 원리."
0296,DAY 10,첨단,첨단01,尖端,"뾰족할 첨, 끝 단",2012수능,명사,"(1) 물체의 뾰족한 끝.
(2) 시대 사조, 학문, 유행 따위의 맨 앞장.
¶ 첨단 과학 / 유행의 첨단을 걷다. / 그는 자신이야말로 시대의 첨단을 걷고 있
다고 생각했다. / 그의 집은 첨단의 시설을 갖추고 있었다."
0297,DAY 10,보전,보전03,保全,"지킬 보, 온전할 전",2012수능,명사,"온전하게 보호하여 유지함.
¶ 생태계 보전 / 환경 보전 / 보전에 힘쓰다. / 어떻게 하든 명 보전을 하여 가문
의 대를 끊어서는 안 된다는 것이었다. ≪박경리, 토지≫"
0298,DAY 10,기여,기여04,寄與,"부칠 기, 줄 여",2012수능,명사,"(1) 도움이 되도록 이바지함.
¶ 그는 팀 승리에 결정적인 기여를 한 선수이다. / 나는 전통의 축적도 우리 문학
에 대한 기여가 될 수 있다고 보고…. ≪이문열, 시대와의 불화≫
(2) 물건을 부쳐 줌."
0299,DAY 10,모호하다,모호하다,模糊,"하다, 모호할, 모, 풀칠할, 호",2012수능,형용사,"말이나 태도가 흐리터분하여 분명하지 않다.
¶ 모호한 설명 / 문장이 모호하여 의미를 알 수 없다. / 그는 모호하게 대답을 얼
버무렸다."
0300,DAY 10,탐색,탐색02,探索,"찾을 탐, 찾을 색",2012수능,명사,"드러나지 않은 사물이나 현상 따위를 찾아내거나 밝히기 위하여 살피어 찾음.
¶ 탐색 작전 / 우주 탐색 / 별자리 탐색 / 탐색을 시작하다. / 탐색을 중단하다. /
한국 고대 문화에 대한 진지한 탐색이 이뤄졌다."
0301,DAY 11,보람,보람,,,2012수능,명사,"(1) 약간 드러나 보이는 표적.
(2) 다른 물건과 구별하거나 잊지 않기 위하여 표를 해 둠. 또는 그런 표적.
¶ 비행기에 탈 때에는 가방마다 눈에 띄는 보람을 해 두어야 한다.
(3) 어떤 일을 한 뒤에 얻어지는 좋은 결과나 만족감. 또는 자랑스러움이나 자부심을 갖게
해 주는 일의 가치.
¶ 삶의 보람 / 보람을 느끼다. / 아무 보람도 없이 허송세월만 했다."
0302,DAY 11,위축,위축02,萎縮,"시들 위, 줄일 축",2012수능,명사,"(1) 마르거나 시들어서 우그러지고 쭈그러듦.
¶ 찬 바람이 불면서 모든 사물이 위축과 조락, 사멸에 이르렀다.
(2) 어떤 힘에 눌려 졸아들고 기를 펴지 못함.
¶ 심리적 위축 / 생산 활동의 위축 / 여주인은 거침없이 말하는 여옥에 대하여 위
축을 느꼈던지 입을 다물었다. ≪박경리, 토지≫
(3) {생물} 정상적으로 발달한 생물체의 기관, 조직 따위의 크기나 기능이 줄어드는 일. 주
로 영양 공급에 지장이 있을 경우나 신경 계통의 장애, 호르몬의 이상, 방사선
의 조사(照射) 따위에 의하여 생긴다. 노인성인 것, 생리적인 것이 있다."
0303,DAY 11,폐해,폐해,弊害,"폐단 폐, 해할 해",2012수능,명사,"폐단으로 생기는 해.
¶ 오백 년 동안 내려온 뿌리 깊은 양반과 토호의 폐해가 얼른 없어질 리 만무했
다.
≪박종화, 전야≫"
0304,DAY 11,제언,제언02,提言,"끌 제, 말씀 언",2012수능,명사,"의견이나 생각을 내놓음. 또는 그 의견이나 생각.
¶ 전문가의 제언 / 여러 제언을 검토한 후에 결정을 하기로 하자."
0305,DAY 11,표절,표절,剽竊,"겁박할 표, 훔칠 절",2012수능,명사,"시나 글, 노래 따위를 지을 때에 남의 작품의 일부를 몰래 따다 씀. ≒ 표적
02(剽賊).
¶ 표절 작품 / 모방과 표절은 다르다."
0306,DAY 11,성행,성행03,盛行,"성할 성, 행할 행",2012수능,명사,"매우 성하게 유행함.
¶ 초등학교까지 번진 과소비의 성행은 우리에게 경각심을 불러일으킨다. / 순장제
의 성행이 곧 노예제 사회임을 증명하는 것은 아니다."
0307,DAY 11,풍조,풍조02,風潮,"바람 풍, 밀물 조",2012수능,명사,"(1) 바람과 조수(潮水)를 아울러 이르는 말. 또는 바람에 따라 흐르는 조수.
(2) 시대에 따라 변하는 세태.
¶ 과소비 풍조 / 불신 풍조 / 조선에선 조강지처를 아니 버린다는 불문율 때문에
부득이 소실 두는 풍조가 생긴 모양인데…. ≪박경리, 토지≫"
0308,DAY 11,단절,단절05,斷絕,"끊을 단, 끊을 절",2012수능,명사,"(1) 유대나 연관 관계를 끊음.
¶ 대화의 단절 / 바깥세상과의 철저한 단절을 지키면서 수도를 한다는 것은 매우
어려운 일이다.
(2) 흐름이 연속되지 아니함.
¶ 이러한 의식의 단절은 젊은 층과 기성세대라는 양분법만으로는 다 파악되지 않
는다. ≪이문열, 시대와의 불화≫"
0309,DAY 11,위증,위증03,僞證,"거짓 위, 증거 증",2012수능,명사,"(1) 거짓으로 증명함. 또는 그런 증거.
(2) {법률} 법률에 따라 선서한 증인이 허위 증언을 하는 일. ≒ 무증(誣證).
¶ 숨김과 보탬이 없이 사실 그대로 말하고 만일 거짓이 있으면 위증의 벌을 받기
로 맹세한다고 했을 때, 나는 그가 조금 큰 악당이라는 것을 직감으로 알았다.
≪조세희, 내 그물로 오는 가시고기≫"
0310,DAY 11,절감,절감02,節減,"마디 절, 덜 감",2012수능,명사,"아끼어 줄임.
¶ 경비 절감 / 연료 절감 / 에너지 절감 / 정보 통신의 특징은 정보를 얻는 데에
있어 비용의 절감과 정보 이용 효과의 증대에 있다."
0311,DAY 11,명소,명소01,名所,"이름 명, 바 소",2012수능,명사,"경치나 고적, 산물 따위로 널리 알려진 곳. ‘이름난 곳’으로 순화.
¶ 관광의 명소 / 그는 타지에서 온 손님에게 자기 고장의 명소를 소개하는 학생처
럼 겸손하게, 그러나 자랑스러움을 가지고 발전소 건물을 가리키며 말했다.
≪오정희, 불의 강≫"
0312,DAY 11,상설,상설03,常設,"항상 상, 베풀 설",2012수능,명사,"(주로 일부 명사 앞에 쓰여) 언제든지 이용할 수 있도록 설비와 시설을 갖추어 둠.
¶ 상설 시장 / 상설 전시장 / 상설 할인 매장."
0313,DAY 11,창건,창건01,創建,"비롯할 창, 세울 건",2012수능,명사,"건물이나 조직체 따위를 처음으로 세우거나 만듦.
¶ 선운사 창건 설화 / 신당의 창건 과정 / 새 왕조 창건."
0314,DAY 11,변모,변모02,變貌,"변할 변, 모양 모",2012수능,명사,"모양이나 모습이 달라지거나 바뀜. 또는 그 모양이나 모습.
¶ 오랜만에 돌아와 보니 서울의 변모가 아주 놀라웠다. / 지난 보름의 연이은 폭
음 때문이라고만 말하기에는 너무나도 처참한 변모였다. ≪이문열, 영웅시대≫"
0315,DAY 11,구현,구현04,具現具顯,"갖출 구, 나타날 현, 갖출 구, 나타날 현",2011수능,명사,"어떤 내용이 구체적인 사실로 나타나게 함.
¶ 민주주의의 구현 / 정의 구현 / 평화란 전쟁이 없는 상태이기보다는 인간의 심
성에서 유출되는 자비의 구현이다. ≪법정, 무소유≫"
0316,DAY 11,배가,배가,倍加,"곱 배, 더할 가",2011수능,명사,"갑절 또는 몇 배로 늘어남. 또는 그렇게 늘림. ≒ 가배
01(加培).
¶ 노력 배가 / 전투력 배가 / 신문 구독자 배가를 위하여 각 신문사마다 다양한
서비스 경쟁을 벌이고 있다."
0317,DAY 11,범례,범례01,凡例,"무릇 범, 법식 례",2011수능,명사,책의 첫머리에 그 책의 내용이나 쓰는 방법 따위에 관한 참고 사항을 설명한 글.
0318,DAY 11,준거,준거02,準據,"준할 준, 근거 거",2011수능,명사,"사물의 정도나 성격 따위를 알기 위한 근거나 기준.
¶ 판단의 준거가 명확하지 않다. / 이 협의안은 협상에서 앞으로 준거로 작용할
것이다. / 심사 위원은 뚜렷한 심사의 준거를 제시해야 한다."
0319,DAY 11,회한,회한02,悔恨,"뉘우칠 회, 한 한",2011수능,명사,"뉘우치고 한탄함. ≒ 오한03(懊恨)·오회04(懊悔).
¶ 회한이 서린 목소리 / 그렇다면 자식을 탓할 것이 아니라고 자기의 잘못을 다시
금 뉘우친다. 그럴 때마다 그는 회한의 눈물을 남몰래 흘리었다.
≪이기영, 신개지≫"
0320,DAY 11,연민,연민,憐憫憐愍,"불쌍히 여길, 연, 민망할 민, 불쌍히 여길, 연, 근심할 민",2011수능,명사,"불쌍하고 가련하게 여김.
¶ 연민의 정 / 연민에 찬 눈빛 / 연민을 느끼다. / 연민을 자아내다. / 그는 자기
연민에 빠져 늘 우울해했다."
0321,DAY 11,멸시,멸시,蔑視,"업신여길, 멸, 볼 시",2011수능,명사,"업신여기거나 하찮게 여겨 깔봄. ≒ 멸여(蔑如)·모시
04(侮視).
¶ 멸시의 눈초리 / 멸시를 받다. / 멸시를 당하다. / 한때 철없는 때는 내 세도를
자세 삼아 수모도 했고 멸시도 했지만…. ≪김동인, 운현궁의 봄≫"
0322,DAY 11,편성,편성02,編成,"엮을 편, 이룰 성",2011수능,명사,"(1) 엮어 모아서 책·신문·영화 따위를 만듦.
¶ 프로그램의 편성.
(2) 예산·조직·대오 따위를 짜서 이룸. ‘엮어 만듦’으로 순화.
¶ 예비군 편성 / 반 편성."
0323,DAY 11,정렬,정렬02,整列,"가지런할, 정, 벌일 렬",2011수능,명사,"가지런하게 줄지어 늘어섬. 또는 그렇게 늘어서게 함. ‘가지런히 함’으로 순화.
¶ 정렬로 세우다. / 정렬을 끝마치다. / 정렬을 시켜 놓고서 하는 교관의 훈시가
지금 생각해도 멋진 것이었다. ≪이숭녕, 대학가의 파수병≫"
0324,DAY 11,선포,선포,宣布,"베풀 선, 펼 포",2011수능,명사,"세상에 널리 알림.
¶ 전쟁 선포 / 몇몇 나라에서는 어업 자원을 보호한다는 차원에서 200해리 경제
수역 선포 후 외국 어선에 대해 국가별 어획량을 할당하고 있다."
0325,DAY 11,부응,부응01,副應,"버금 부, 응할 응",2011수능,명사,어떤 요구나 기대 따위에 좇아서 응함.
0326,DAY 11,수정,수정09,修正,"닦을 수, 바를 정",2011수능,명사,"바로잡아 고침.
¶ 궤도의 수정 / 대폭적인 수정 / 향후 목표에 근본적인 수정을 가하다. / 전반적
인 수정이 필요하다."
0327,DAY 11,운행,운행02,運行,"옮길 운, 다닐 행",2011수능,명사,"(1) 정하여진 길을 따라 차량 따위를 운전하여 다님.
¶ 버스 운행 노선 / 운행 구간 / 시내버스는 운행 간격을 늘릴 예정이다. / 공기
정화 장치를 달지 않은 차량은 시내 운행을 금지한다.
(2) {천문} 천체가 그 궤도를 따라 운동하는 일."
0328,DAY 11,조달,조달03,調達,"고를 조, 통달할 달",2011수능,명사,"자금이나 물자 따위를 대어 줌. ‘대어 줌’, ‘마련함’으로 순화.
¶ 경비 조달 / 물품 조달이 어려워지다. / 제3의 안은 비상금 가운데서 얼만가를
내어 벽암사 주지에게 맡기고 식량 조달을 간청해 보자는 것이다.
≪이병주, 지리산≫"
0329,DAY 11,액면,액면03,額面,"이마 액, 낯 면",2011수능,명사,"(1) 편액(扁額)의 겉면.
(2) 말이나 글로 표현된 사실이나 겉으로 드러난 모습을 비유적으로 이르는 말.
¶ 그 사람 말은 액면 그대로 받아들여선 안 돼. / 포로들의 말을 액면대로 믿기에
는 요즘의 사태가 의외로 심각하고 불안한 것이다. ≪홍성원, 육이오≫
(3) {경제} 화폐, 유가 증권 따위의 앞면."
0330,DAY 11,매입,매입,買入,"살 매, 들 입",2011수능,명사,"물건 따위를 사들임. ‘사기’, ‘사들이기’로 순화. ≒ 매득
01(買得)(2).
¶ 토지 매입 / 공장 부지 매입 / 개발은 오래전부터 은밀하게 시작되어 해변 부근
의 땅이 불하라든가 매입의 방법으로 천천히 회사에 흡수되어 갔다.
≪황석영, 영등포 타령≫"
0331,DAY 12,약정,약정02,約定,"맺을 약, 정할 정",2011수능,명사,"(1) 어떤 일을 약속하여 정함.
¶ 일을 시작하면 다시 우리가 돌리기로 약정이 안 됐습니까? ≪이호철, 소시민≫ /
몸뚱이 팔아먹은 거나 진배없지. 문서에다가 한번 약정을 했으면 나라도 고만인
데…. ≪박경리, 토지≫
(2) {경제} 증권 시장에서, 거래원 사이에 증권의 매매가 성립되는 일."
0332,DAY 12,호황,호황,好況,"좋을 호, 상황 황",2011수능,명사,"(1) 경기(景氣)가 좋음. 또는 그런 상황.
¶ 호황을 타다. / 날씨가 더워 냉방용 가전제품사들이 호황을 누리고 있다. / 건설
업이 수십 년 만에 최대 호황을 맞고 있다.
(2) {경제} 모든 기업체의 활동이 정상 이상으로 활발한 상태. 전반적으로 수요와 공급이 늘
고, 투자 및 고용의 수준이 높아진다."
0333,DAY 12,환산,환산02,換算,"바꿀 환, 셈 산",2011수능,명사,"어떤 단위나 척도로 된 것을 다른 단위나 척도로 고쳐서 헤아림.
¶ 미터법으로의 환산."
0334,DAY 12,화합,화합02,和合,"화할 화, 합할 합",2011수능,명사,"화목하게 어울림. ≒ 화해03(和諧).
¶ 그 집은 형제간에 화합이 잘된다. / 증오가 미만해 있는 땅에서 어떻게 화합을
이룩할 수가 있겠는가. ≪이병주, 지리산≫"
0335,DAY 12,도야,도야,陶冶,"질그릇 도, 풀무 야",2011수능,명사,"(1) 도기를 만드는 일과 쇠를 주조하는 일. 또는 그런 일을 하는 사람.
(2) 훌륭한 사람이 되도록 몸과 마음을 닦아 기름을 비유적으로 이르는 말.
¶ 품성의 도야 / 학문의 도야 / 예민한 감각과 너그러운 정서는 하루아침에 얻을
수 있는 것이 아니요, 많은 정진과 도야와 노력을 거쳐서야 비로소 체득되는
것이다. ≪이양하, 이양하 수필선≫"
0336,DAY 12,비상,비상01,非常,"아닐 비, 항상 상",2011수능,명사,"(1) 뜻밖의 긴급한 사태. 또는 이에 대응하기 위하여 신속히 내려지는 명령.
¶ 비상 대책 / 비상이 걸리다. / 비상을 해제하다. / 중대장은 비상을 걸고 사단과
포대에 연락을 취할 테니 기다리며 적의 동정을 살피라고 명령했다.
≪안정효, 하얀 전쟁≫
(2) 예사롭지 아니함.
(3) 평범하지 아니하고 뛰어남."
0337,DAY 12,요령,요령03,要領,요긴할 요거느릴 령,2011수능,명사,"(1) 가장 긴요하고 으뜸이 되는 골자나 줄거리. ≒ 영요
02(領要).
(2) 일을 하는 데 꼭 필요한 묘한 이치.
¶ 논문 작성 요령 / 요령 있는 말솜씨 / 요령을 터득하다. / 자꾸 하다 보면 요령
이 생긴다.
(3) 적당히 해 넘기는 잔꾀.
¶ 요령을 부리다. / 요령을 피우다."
0338,DAY 12,종전,종전03,從前,"좇을 종, 앞 전",2011수능,명사,"지금보다 이전. ≒ 자전
04(自前)·전차
03(前此).
¶ 종전의 방식을 그대로 고수하다. / 대접이 종전에 비해 소홀하다. / 그 사람은
종전과 다를 바 없었다. / 종전 같았으면 그놈하고 함께 자동차 타고 들어올
여자가 아니지 않아? ≪박경리, 토지≫"
0339,DAY 12,고수,고수04,固守,"굳을 고, 지킬 수",2011수능,명사,"차지한 물건이나 형세 따위를 굳게 지킴. ≒ 견수
02(堅守).
¶ 강경 노선 고수 / 올해 우리 팀은 선두권 고수를 목표로 삼고 있다."
0340,DAY 12,비치,비치02,備置,"갖출 비, 둘 치",2011수능,명사,"마련하여 갖추어 둠.
¶ 비치 도서 / 비치 목록."
0341,DAY 12,극단적,극단적,極端的,"극진할, 극, 끝 단어조사, 적",2011수능,"관형사, , 명사","(1) 길이나 일의 진행이 끝까지 미쳐 더 나아갈 데가 없는. 또는 그런 것.
¶ 극단적 상황 / 일이 극단적으로 치닫고 있다.
(2) 중용을 잃고 한쪽으로 크게 치우치는. 또는 그런 것.
¶ 극단적 행동 / 극단적 방법 / 극단적 표현 / 극단적인 태도 / 극단적으로 생각
하다."
0342,DAY 12,적성,적성05,適性,"맞을 적, 성품 성",2011수능,명사,"어떤 일에 알맞은 성질이나 적응 능력. 또는 그와 같은 소질이나 성격.
¶ 적성을 살리다 / 적성을 무시하다. / 적성에 따라 학과를 선택하다. / 적성을 고
려해서 진로를 결정하다. / 적성에 맞는 일을 하다. / 그는 아무래도 교편생활
이 적성에 맞지 않아 보였다."
0343,DAY 12,포괄,포괄,包括,"쌀 포, 묶을 괄",2011수능,명사,일정한 대상이나 현상 따위를 어떤 범위나 한계 안에 모두 끌어 넣음.
0344,DAY 12,내실,내실02,內實,"안 내, 열매 실",2011수능,명사,"(1) 내부의 실제 사정.
¶ 그 내실은 이렇습니다. / 화려한 겉모습과는 달리 그 내실은 별로 보잘것없다. /
내 듣기로는 명의만 조선인으로 되어 있을 뿐, 내실은 여전히 왜놈 선주랍디다.
≪현기영, 변방에 우짖는 새≫
(2) 내적인 가치나 충실성.
¶ 내실을 기하다. / 내실을 다지다. / 내실을 추구하다. / 경제의 내실을 강화하
다."
0345,DAY 12,발상,발상03,發想,"필 발, 생각 상",2011수능,명사,"어떤 생각을 해 냄. 또는 그 생각.
¶ 발상의 전환 / 시대착오적 발상 / 그런 케케묵은 발상은 더 이상 도움이 되지
않는다. / 세배 손님에게 일일이 독상을 차려 대접하라는 발상도 실은 홍씨 부
인한테서 나온 거였다. ≪박완서, 미망≫"
0346,DAY 12,농후하다,농후하다,濃厚,"하다, 짙을, 농, 두터울, 후",2011수능,형용사,"(1) 맛, 빛깔, 성분 따위가 매우 짙다.
¶ 단백질이 농후한 사료.
(2) 어떤 경향이나 기색 따위가 뚜렷하다.
¶ 향토색이 농후한 작품 / 혐의가 농후하다. / 그 단체는 종교적인 색채가 농후하
다. / 이 소설에는 남도 지방의 특색이 농후하게 반영되어 있다. / 그 비밀은
아무래도 그날 밤 천남석의 그 이어도에 대한 절망적인 이야기 속에 열쇠가 감
추어져 있을 가능성이 농후했다. ≪이청준, 이어도≫"
0347,DAY 12,애착,애착,愛着,"사랑 애, 붙을 착",2011수능,명사,"몹시 사랑하거나 끌리어서 떨어지지 아니함. 또는 그런 마음.
¶ 애착이 가는 물건 / 애착을 느끼다. / 삶에 애착을 가지다. / 그는 자기 일에
대한 애착이 강하다. / 누가 뭐라 한대도 모국어에 대한 애착 때문에 나는 이
나라를 버릴 수 없다. ≪법정, 무소유≫ / 삼포에 대한 그녀의 애착은 그녀가
의식하고 있는 것보다 더 집요하고 뿌리 깊었다. ≪박완서, 미망≫"
0348,DAY 12,공해,공해01,公害,"공평할 공, 해할 해",2011수능,명사,"산업이나 교통의 발달에 따라 사람이나 생물이 입게 되는 여러 가지 피해. 자동차의 매연,
공장의 폐수, 여러 종류의 쓰레기 따위로 인하여 공기와 물이 더럽혀지고 자연환경이 파괴
되는 문제 따위를 이른다.
¶ 공해 추방 운동 / 각종 공해로 환경 오염이 심각하다. / 여러 가지 공해로 차츰
멸종돼 가는 판이니 이대로 가다가는 머지않아 귀뚜라미도 노래 속에나 남게
될 거라. ≪황순원, 신들의 주사위≫"
0349,DAY 12,제후,제후,諸侯,"모두 제, 제후 후",2011수능,명사,"{역사} 봉건 시대에 일정한 영토를 가지고 그 영내의 백성을 지배하는 권력을 가지던 사람.
≒ 군공01(君公)·번봉(藩封)(1)·열후01(列侯)."
0350,DAY 12,쟁탈,쟁탈,爭奪,"다툴 쟁, 빼앗을 쟁",2011수능,명사,"서로 다투어 빼앗음.
¶ 왕위 쟁탈 / 대통령배 쟁탈 전국 고교 야구 대회 / 사람들이 모였다 하면 이권
쟁탈에만 열을 올렸다."
0351,DAY 12,집정,집정01,執政,"잡을 집, 정사 정",2011수능,명사,"(1) 정권을 잡음.
(2) 정권을 잡고 있는 사람.
¶ 동학군의 수중에 전주성이 떨어졌다는 장계 전문이 당장 조정에 올라가자 왕 이
하 집정들은 경악하고 말았다. ≪유현종, 들불≫
(3) {역사} 프랑스 혁명기 제일 공화정 시대의 최고 통치자."
0352,DAY 12,수습,수습02,修習,"닦을 수, 익힐 습",2011수능,명사,"학업이나 실무 따위를 배워 익힘. 또는 그런 일.
¶ 수습 기간 / 수습 딱지를 떼다."
0353,DAY 12,부과,부과05,賦課,"부세 부, 과정 과",2011수능,명사,"(1) 세금이나 부담금 따위를 매기어 부담하게 함.
¶ 재산세 부과 / 고가품 수입에 대한 특별 소비세 부과 / 정부는 생필품의 수출입
에는 관세 부과를 없앨 예정이다.
(2) 일정한 책임이나 일을 부담하여 맡게 함.
¶ 책임량 부과."
0354,DAY 12,개간,개간03,開墾,"열 개, 개간할 간",2011수능,명사,"거친 땅이나 버려 둔 땅을 일구어 논밭이나 쓸모 있는 땅으로 만듦. ‘일굼’으로 순화. ≒ 개
작
02(開作)·기간
02(起墾).
¶ 간석지 개간 / 황무지 개간."
0355,DAY 12,계량,계량01,計量,"셀 계, 헤아릴 량",2011수능,명사,"(1) 수량을 헤아림.
(2) 부피, 무게 따위를 잼."
0356,DAY 12,득실,득실02,得失,"얻을 득, 잃을 실",2011수능,명사,"(1) 얻음과 잃음. ≒ 득상(1).
¶ 승패가 같은 경우에는 골 득실 차로 본선 진출을 가린다.
(2) 이익과 손해를 아울러 이르는 말. ≒ 득상(2).
¶ 득실을 따지다. / 이해와 득실을 떠나서 생각해 보자. / 어느 쪽이 좋은지 득실
을 따져 보자.
(3) 성공과 실패를 아울러 이르는 말. ≒ 실득01(失得).
(4) 장점과 단점을 아울러 이르는 말.
¶ 본래의 것으로 돌아가 중화 역대(歷代)의 득실을 살펴봄이 치국의 정도(正道)에
이르는 지름길이 되지 않을까 합니다. ≪이문열, 황제를 위하여≫"
0357,DAY 12,단행,단행04,斷行,"끊을 단, 다닐 행",2011수능,명사,"결단하여 실행함.
¶ 개각 단행."
0358,DAY 12,수취,수취02,收聚,"거둘 수, 모을 취",2011수능,명사,거두어 모음.
0359,DAY 12,폐단,폐단,弊端,"폐단 폐, 끝 단",2011수능,명사,"어떤 일이나 행동에서 나타나는 옳지 못한 경향이나 해로운 현상. ≒ 폐
03(弊)(2).
¶ 폐단이 생기다. / 폐단을 막다. / 폐단을 없애다. / 선비들이 그 서원을 근거 삼
아 가지고 행하는 폐단은 여간이 아니었다. ≪김동인, 운현궁의 봄≫"
0360,DAY 12,영위,영위04,營爲,"경영할 영, 할 위",2011수능,명사,"일을 꾸려 나감.
¶ 사람들은 수준 높은 문화생활의 영위를 원하고 있다."
0361,DAY 13,무위,무위03,無爲,"없을 무, 할 위",2011수능,명사,"(1) 아무것도 하는 일이 없음. 또는 이룬 것이 없음.
¶ 아까운 여름철을 무위로 보내 버렸소. ≪이병주, 행복어 사전≫
(2) {불교} 인연을 따라 이루어진 것이 아니며 생멸(生滅)의 변화를 떠난 것.
(3) {철학} 중국의 노장 철학에서, 자연에 따라 행하고 인위를 가하지 않는 것. 인간의 지식
이나 욕심이 오히려 세상을 혼란시킨다고 여기고 자연 그대로를 최고의 경지로
본다."
0362,DAY 13,허위,허위03,虛僞,"빌 허, 거짓 위",2011수능,명사,"(1) 진실이 아닌 것을 진실인 것처럼 꾸민 것. ≒ 와위
02(訛僞).
¶ 허위 보도 / 허위 선전 / 허위 진단서
(2) {논리} 그릇된 사고로 인하여 외관상은 정당하게 보이나 실은 어떤 점에서 논리적 원리
나 규칙에 저촉된 것. 언뜻 보아 올바르게 보이지만 그릇된 추리로, 추리 형식
에 위배되거나 사용하는 언어의 의미가 애매하거나 추리의 전제가 부정확한 데
서 생긴다.
(3) {철학} 자기가 진실이라고 믿지 아니하는 일을 타인에게 진실인 것처럼 믿게 하는 고의
적인 언행."
0363,DAY 13,선호,선호03,選好,"가릴 선, 좋을 호",2011수능,명사,"여럿 가운데서 특별히 가려서 좋아함.
¶ 남아 선호 사상 / 생활 수준이 높아짐에 따라 무공해 식품의 선호가 두드러진
다."
0364,DAY 13,결부,결부01,結付,"맺을 결, 줄 부",2010수능,명사,일정한 사물이나 현상을 서로 연관시킴.
0365,DAY 13,대구,대구06,對句,"대할 대, 글귀 구",2010수능,명사,"{문학}
(1) 비슷한 어조나 어세를 가진 것으로 짝 지은 둘 이상의 글귀. 특히 한시를 비롯한 시가
문장에 많이 쓴다. ≒ 우구
05(偶句)·우대
05(偶對)(3).
(2) 비슷한 어조나 어세를 가진 어구를 짝 지어 표현의 효과를 나타내는 수사법."
0366,DAY 13,간이,간이04,簡易,"간략할 간, 쉬울 이",2010수능,명사,"(주로 일부 명사 앞에 쓰여) 간단하고 편리함. 물건의 내용, 형식이나 시설 따위를 줄이거나
간편하게 하여 이용하기 쉽게 한 상태를 이른다.
¶ 간이 상수도 / 간이 숙박소 / 간이 화장실 / 간이 휴게소"
0367,DAY 13,사고,사고14,思考,"생각 사, 생각할 고",2010수능,명사,"(1) 생각하고 궁리함.
¶ 진보적 사고 / 사고 능력 / 사고의 영역을 넓히다.
(2) {심리} 심상이나 지식을 사용하는 마음의 작용. 이에 의하여 문제를 해결한다. 직관적
사고, 분석적 사고, 집중적 사고, 확산적 사고 따위가 있다.
(3) {철학} 개념, 구성, 판단, 추리 따위를 행하는 인간의 이성 작용."
0368,DAY 13,항목,항목,項目,"항목 항, 눈 목",2010수능,명사,"법률이나 규정 따위의 낱낱의 조나 항목. ≒ 절목03(節目)
¶ 이 법안은 10개의 항목으로 이루어져 있다. / 계획안의 다섯 번째 항목은 문제
가 있어서 삭제하기로 했다."
0369,DAY 13,완결,완결03,完結,"완전할 완, 맺을 결",2010수능,명사,"완전하게 끝을 맺음. ‘끝냄’으로 순화.
¶ 호적상의 지위를 사수하면서…시집 선산에 뼈를 묻는 것으로 본처의 복수는 품
위 있는 완결을 보게 돼 있었다. ≪박완서, 미망≫"
0370,DAY 13,대변,대변05,代辯,"대신할 대, 말씀 변",2010수능,명사,"(1) 어떤 사람이나 단체를 대신하여 그의 의견이나 태도를 표함. 또는 그런 일.
¶ 종욱이는 윗자리에 앉았는 선배 즉 주임들의 대변이나 하듯이 점잖이 꾸짖었으
나…. ≪염상섭, 입하의 절≫
(2) 어떤 사실이나 의미를 대표적으로 나타냄."
0371,DAY 13,배양,배양01,培養,"북돋을 배, 기를 양",2010수능,명사,"(1) 식물을 북돋아 기름.
¶ 농작물 배양 / 종묘의 배양.
(2) 인격, 역량, 사상 따위가 발전하도록 가르치고 키움.
¶ 국력 배양 / 실력 배양 / 농업 기술의 발전을 위한 인력의 배양이 절실하다. /
현대는 새로운 지식의 배양이 끊임없이 요구된다.
(3) {생물} 인공적인 환경을 만들어 동식물 세포와 조직의 일부나 미생물 따위를 가꾸어 기
름.
¶ 세균 배양 / 미생물 배양 실험 / 콜레라 균의 배양에 성공하다."
0372,DAY 13,외양,외양03,外樣,"바깥 외, 모양 양",2010수능,명사,겉으로 보이는 모양.
0373,DAY 13,양분,양분01,兩分,"두 량, 나눌 분",2010수능,명사,"둘로 가르거나 나눔.
¶ 외세에 의한 국토의 양분."
0374,DAY 13,변별,변별,辨別,"분별할 변, 나눌 별",2010수능,명사,"(1) 사물의 옳고 그름이나 좋고 나쁨을 가림.
(2) 세상에 대한 경험이나 식견에서 나오는 생각이나 판단."
0375,DAY 13,분할,분할01,分割,"나눌 분, 벨 할",2010수능,명사,"나누어 쪼갬.
¶ 토지 분할 / 주택 자금을 7년 분할로 상환하다."
0376,DAY 13,차단,차단,遮斷,"가릴 차, 끊을 단",2010수능,명사,"(1) 액체나 기체 따위의 흐름 또는 통로를 막거나 끊어서 통하지 못하게 함.
¶ 유해 전자파 차단 / 소음 차단 / 자외선 차단 / 통로의 차단.
(2) 다른 것과의 관계나 접촉을 막거나 끊음.
¶ 외부와의 차단 / 일반인들과의 차단."
0377,DAY 13,병렬,병렬,竝列,"나란히 병, 벌일 렬",2010수능,명사,"(1) 나란히 늘어섬. 또는 나란히 늘어놓음.
(2) {전기} 전기 회로에서 발전기, 축전기, 전지 따위의 극을 같은 극끼리 연결하는 일."
0378,DAY 13,제동,제동02,制動,절제할 제움직일 동,2010수능,명사,"기계나 자동차 따위의 운동을 멈추게 함.
¶ 제동 거리가 짧다 / 제동 소리에 놀라 뒤를 돌아보았다. / 속력을 내어 달려온
경찰차는 급한 반동에 의한 제동 소리를 내면서 사무실 뒷길에 멈추어 섰다.
≪황석영, 객지≫"
0379,DAY 13,역류,역류,逆流,"거스릴 역, 흐를 류",2010수능,명사,"(1) 물이 거슬러 흐름. 또는 그렇게 흐르는 물. ≒ 역수
03(逆水).
¶ 군사들은 죽을 힘을 다하여 노를 저었으나 워낙 거센 역류가 되고 보니 노는 부
러지고 배는 제멋대로 떠내려가기 시작한다. ≪박종화, 임진왜란≫
(2) 흐름을 거슬러 올라감.
¶ 역사의 역류 / 운명의 역류."
0380,DAY 13,경직,경직04,硬直,"굳을 경, 곧을 직",2010수능,명사,"(1) 몸 따위가 굳어서 뻣뻣하게 됨. ‘굳음’으로 순화.
¶ 심장의 경직 상태 / 경직의 강도가 크다.
(2) 사고방식, 태도, 분위기 따위가 부드럽지 못하여 융통성이 없고 엄격하게 됨.
¶ 권위주의 사회의 독선과 경직 / 그 두 사람의 관계가 계속 경직 상태여서 주위
사람들이 여간 불편한 게 아니었다.
(3) {의학} 근육이 수축하여 굳어지는 일."
0381,DAY 13,세태,세태01,世態,"인간 세, 모습 태",2010수능,명사,"사람들의 일상생활, 풍습 따위에서 보이는 세상의 상태나 형편. ≒ 세상
02(世相).
¶ 세태가 나쁘게 변하다. / 세태가 어지럽다 보니 별 희한한 일도 다 생긴다. / 오
늘의 세태는 지난날에 비해 부모와 자식 사이의 갈등의 폭과 골이 넓고 깊다."
0382,DAY 13,풍자,풍자03,諷刺,"풍자할 풍, 찌를 자",2010수능,명사,"(1) 남의 결점을 다른 것에 빗대어 비웃으면서 폭로하고 공격함.
¶ 그들의 이야기는 나에 대한 풍자로 가득 차 있다.
(2) 문학 작품 따위에서, 현실의 부정적 현상이나 모순 따위를 빗대어 비웃으면서 씀.
¶ 그의 소설은 풍자와 해학으로 우리 사회의 병폐를 표출했다."
0383,DAY 13,채록,채록,採錄,"캘 채, 기록할 록",2010수능,명사,"필요한 자료를 찾아 모아서 적거나 녹음함. 또는 그런 기록이나 녹음.
¶ 방언 채록 / 설화 채록 / 그는 작곡뿐만 아니라 민요 채록에도 힘을 기울였다."
0384,DAY 13,재원,재원02,財源,"재물 재, 근원 원",2010수능,명사,"재화나 자금이 나올 원천. ≒ 재본(財本).
¶ 재원을 확보하다. / 재원이 고갈되다. / 재원이 풍부하다. / 세금은 국가 재정의
바탕이 되는 재원이다. / 한 마지기에 한 말씩만 물세를 받아먹어도 이 벌에서
몇천 석의 물값은 나오고 보니 이만한 재원으로 몇 해만 긁어 들이면….
≪이무영, 농민≫"
0385,DAY 13,낙후,낙후,落後,"떨어질 락, 뒤 후",2010수능,명사,"기술이나 문화, 생활 따위의 수준이 일정한 기준에 미치지 못하고 뒤떨어짐.
¶ 공업의 낙후로 이 지역은 크게 발달하지 못하였다."
0386,DAY 13,신장,신장04,伸張,"펼 신, 베풀 장",2010수능,명사,"세력이나 권리 따위가 늘어남. 또는 늘어나게 함.
¶ 국력의 신장 / 말할 것도 없이 자연법론은 인권 신장에 지대한 공헌을 했고 역
사상의 여러 위대한 혁명에서도 빛나는 논리적 근거를 제공했다.
≪이문열, 시대와의 불화≫"
0387,DAY 13,무단,무단02,無斷,"없을 무, 끊을 단",2010수능,명사,"사전에 허락이 없음. 또는 아무 사유가 없음.
¶ 무단 복제 / 건널목을 무단으로 횡단하다. / 건물의 용도를 무단으로 바꾸다. /
군자도 평생에 한 번쯤은 무단 외박 할 수가 있다는 걸로 쳐 둡시다. ≪이병주,
행복어 사전≫"
0388,DAY 13,상념,상념,想念,"생각 상, 생각 념",2010수능,명사,"마음속에 품고 있는 여러 가지 생각.
¶ 그는 의자에 앉아 한동안 상념에 잠겨 있었다. / 그는 온갖 상념을 떨쳐 버리려
는 듯이 머리를 세차게 흔들고는 자리에서 일어섰다."
0389,DAY 13,회상,회상02,回想,"돌아올 회, 생각 상",2010수능,명사,"(1) 지난 일을 돌이켜 생각함. 또는 그런 생각.
¶ 회상에 잠기다. / 여인은 이제 아득한 회상에서 정신이 깨어나고 있는 듯 서서
히 자신의 이야기를 정리해 나가기 시작했다. ≪이청준, 서편제≫ / 회상이 거
기까지 미치자 명훈은 갑자기 온몸이 후끈 달아올랐다. ≪이문열, 변경≫
(2) {심리} 한 번 경험하고 난 사물을 나중에 다시 재생하는 일. ≒ 상기
19(想起)(2)."
0390,DAY 13,수식,수식04,修飾,"닦을 수, 꾸밀 식",2010수능,명사,"(1) 겉모양을 꾸밈.
(2) 문장의 표현을 화려하게, 또는 기교 있게 꾸밈.
(3) {언어} 문장에서, 체언과 용언에 말을 덧붙여 뜻을 더욱 분명하게 하는 일."
0391,DAY 14,이치,이치06,理致,"다스릴 리, 이를 치",2010수능,명사,"사물의 정당한 조리(條理). 또는 도리에 맞는 취지. ≒ 염도
01(厭覩).
¶ 자연의 이치 / 이치에 맞다 / 이치에 어긋나다. / 이치를 따지다. / 죄를 지으면
벌을 받는 것은 당연한 이치이다."
0392,DAY 14,병진,병진04,竝進,나란히 병나아갈 진,2010수능,명사,"둘 이상이 함께 나란히 나아감.
¶ 수륙 병진 작전."
0393,DAY 14,사리,사리08,事理,"일 사, 다스릴 리",2010수능,명사,"(1) 일의 이치.
¶ 사리가 밝다. / 사리에 맞다. / 사리에 어긋나다. / 사리에 닿다. / 그는 젊은
혈기에 사리를 가려 생각하지 못하는 경향이 있다. / 그는 사리를 분별할 줄
아는 사람이다.
(2) {불교} 변화하는 현상과 그 배후에 있는 불변하는 진리."
0394,DAY 14,개혁,개혁,改革,"고칠 개, 가죽 혁",2010수능,명사,"제도나 기구 따위를 새롭게 뜯어고침. ≒ 혁개(革改).
¶ 교육 개혁 / 사법 제도 개혁 / 의식 개혁 / 종교 개혁을 주장하다. / 과감한 경
제 정책으로 경제 개혁이 이루어졌다."
0395,DAY 14,격변,격변,激變,"격할 격, 변할 변",2010수능,명사,"상황 따위가 갑자기 심하게 변함. ≒ 극변02(劇變).
¶ 20세기 말은 냉전 체제가 붕괴되는 정치적인 격변이 있었다. / 해방과 더불어
시작된 정치·사회적 격변에도 그는 거의 관심이 없는 것처럼 보였다.
≪조정래, 태백산맥≫"
0396,DAY 14,구사,구사20,驅使,"몰 구, 부릴 사",2010수능,명사,"(1) 사람이나 동물을 함부로 몰아쳐 부림. ≒ 구역
09(驅役)(1).
(2) 말이나 수사법, 기교, 수단 따위를 능숙하게 마음대로 부려 씀. ≒ 구역
09(2).
¶ 간결한 문체의 구사 / 풍부한 어휘 구사 / 외국어 구사 능력 / 파격적인 경영
전략 구사."
0397,DAY 14,인도,인도01,人道,"사람 인, 길 도",2010수능,명사,"(1) 사람으로서 마땅히 지켜야 할 도리. ≒ 인간도(1)·인극(人極)·인리
03(人理).
¶ 인도에 벗어나는 행동 / 인도를 모르다. / 인도를 어기다. / 병서에 이르기를,
까닭 없는 군사를 일으킨 자는 망한다 하였고, 교만한 군사는 반드시 패한다
하였다. 이것은 병서의 진리인 것만이 아니라 인도로 보아서도 변치 않는 진리
인 것이다. ≪박종화, 임진왜란≫
(2) 사람으로서 마땅히 알아야 할 길이라는 뜻으로, 남녀 사이의 교합을 이르는 말."
0398,DAY 14,침해,침해,侵害,"침노할 침, 해할 해",2010수능,명사,"침범하여 해를 끼침. ≒ 침손.
¶ 사생활의 침해 / 인권의 침해 / 일조권의 침해 / 느닷없이 나타난 여자, 우선은
인기척을 낼 겨를도 없을 만큼 놀랐지만 영광은 뭔지 침해를 당한 것 같은 기
분이었다. ≪박경리, 토지≫"
0399,DAY 14,강구,강구12,講究,"외울 강, 연구할 구",2010수능,명사,"좋은 대책과 방법을 궁리하여 찾아내거나 좋은 대책을 세움.
¶ 대책 강구 / 민씨의 일파에서는 활민숙의 수상함을 벌써 알았다. 그리고 거기에
대한 대책은 벌써 강구 중이다. ≪김동인, 젊은 그들≫"
0400,DAY 14,효용,효용01,效用,"본받을 효, 쓸 용",2010수능,명사,"(1) 보람 있게 쓰거나 쓰임. 또는 그런 보람이나 쓸모.
¶ 도대체 그런 지식이나 정보가 무슨 소용이란 말인가. 그것의 효용 가치를 그가
느낀 일은 물론 아니었다. ≪이동하, 도시의 늪≫ / 담장이 곁에나 뒤란에 박을
심고 그 덩굴을 올리는 까닭은 반드시 실리적인 효용만을 위한 일이 아니다.
≪이어령, 흙 속에 저 바람 속에≫
(2) {경제} 인간의 욕망을 만족시킬 수 있는 재화의 효능."
0401,DAY 14,획정,획정,劃定,"그을 획, 정할 정",2010수능,명사,"경계 따위를 명확히 구별하여 정함.
¶ 경계 획정 / 선거구 획정."
0402,DAY 14,항변,항변02,抗辯,"겨룰 항, 말씀 변",2010수능,명사,"(1) 대항하여 변론함. 또는 그런 변론.
¶ 전적으로 내가 옳다는 항변이 아니라 어디까지나 내 입장을 밝힌 것이다.
(2) {법률} 민사 소송법에서, 상대편의 주장이나 신청을 배제하기 위하여 대립하는 별개의
사항을 주장하는 일."
0403,DAY 14,시정,시정09,是正,"이 시, 바를 정",2010수능,명사,"잘못된 것을 바로잡음.
¶ 시정을 촉구하다. / 시정을 권고하다. / 그녀는 고용 차별 대우에 대한 시정을
요구하였다. / 우리 회사는 무역 역조 시정 방안을 강구하였다. / 그 회사는 불
공정 행위로 시정 명령을 받았다. / 우리는 이 문제의 시정을 위해 노력을 기
울여야 한다."
0404,DAY 14,관건,관건02,關鍵,"관계할 관, 열쇠 건",2010수능,명사,"(1) 문빗장과 자물쇠를 아울러 이르는 말.
¶ 후배는 아무 관건 장치도 없는 방문을 벌컥 열었다. ≪최상규, 악령의 늪≫
(2) 어떤 사물이나 문제 해결의 가장 중요한 부분.
¶ 문제 해결의 관건을 쥐다. / 자율적인 시민을 어떻게 육성하느냐가 민주주의의
발전에 가장 큰 관건으로 대두된다. / 전쟁에는 용맹도 중요하지만 작전의 우
열이 그처럼 승패의 관건이 된다. ≪유주현, 대한 제국≫"
0405,DAY 14,방치,방치06,放置,"놓을 방, 둘 치",2009수능,명사,"내버려 둠. ≒ 기치
02(棄置).
¶ 쓰레기의 방치로 온 동네가 지저분해졌다."
0406,DAY 14,주석,주석07,註釋,"글 뜻 풀, 주, 풀 석",2009수능,명사,"낱말이나 문장의 뜻을 쉽게 풀이함. 또는 그런 글.
¶ 주석을 달다. / 주석을 붙이다."
0407,DAY 14,관습적,관습적,慣習的,"버릇 관, 익힐 습, 어조사 적",2009수능,"관형사, , 명사","관습에 따른. 또는 그런 것.
¶ 관습적 속박에서 벗어나다 / 관습적인 편견."
0408,DAY 14,방제,방제02,防除,"막을 방, 덜 제",2009수능,명사,"(1) 재앙을 미리 막아 없앰.
(2) 농작물을 병충해로부터 예방하거나 구제함.
¶ 장마가 끝난 뒤에는 특히 병충해 방제를 위해 농약을 뿌려야 한다. / 미리 농약
을 준비해 방제에 차질이 없도록 했다."
0409,DAY 14,파문,파문01,波紋,"물결 파, 무늬 문",2009수능,명사,"(1) 수면에 이는 물결. ≒ 파륜
01(波輪).
¶ 낚시를 드리우자 그 주변으로 조용한 파문이 일었다.
(2) 물결 모양의 무늬.
(3) 어떤 일이 다른 데에 미치는 영향.
¶ 엄청난 파문을 몰고 오다. / 파문이 확산되다. / 그 선수는 스카우트 파문에 휩
싸여 대회에 출전하지 못했다."
0410,DAY 14,소명,소명04,疏明,"소통할 소, 밝을 명",2009수능,명사,"(1) 까닭이나 이유를 밝혀 설명함.
¶ 충분한 소명의 기회를 주다.
(2) {법률} 재판에서, 법관이 당사자가 주장하는 사실이 확실할 것이라고 추측을 하는 상태.
또는 그 상태에 이르도록 당사자가 증거를 제출하려고 노력함. 증명(證明)보다
낮은 정도의 심증(心證)이다. ‘해명02’으로 순화."
0411,DAY 14,유포,유포02,流布,"흐를 류, 펼 포",2009수능,명사,"세상에 널리 퍼짐. 또는 세상에 널리 퍼뜨림.
¶ 유언비어 유포."
0412,DAY 14,함양,함양03,涵養,"젖을 함, 기를 양",2009수능,명사,"(1) 능력이나 품성 따위를 길러 쌓거나 갖춤. ≒ 함육(涵育).
¶ 인격 함양 / 정서 함양 / 의식 함양 / 독서는 학생들의 지식과 정서 함양에 크
게 이바지한다.
(2) {물리} 포화대에 물을 보급함. 또는 그런 여러 과정."
0413,DAY 14,우대,우대06,優待,넉넉할 우기다릴 대,2009수능,명사,"특별히 잘 대우함. 또는 그런 대우. ≒ 위대03.
¶ 무역 우대 조치 / 우대를 받다. / 그래도 이 집에 들어온 첫해에는 종들이며 마
님까지도 그런대로 우대를 해 주었는데 요즘에 와서는 개밥에 도토리처럼 내돌
림을 당하는 신세가 되어 버렸다. ≪문순태, 타오르는 강≫"
0414,DAY 14,부여,부여04,附與,"붙을 부, 줄 여",2009수능,명사,"사람에게 권리·명예·임무 따위를 지니도록 해 주거나, 사물이나 일에 가치·의의 따위를 붙
여 줌.
¶ 임무 부여 / 특권 부여."
0415,DAY 14,미비,미비01,未備,"아닐 미, 갖출 비",2009수능,명사,"아직 다 갖추지 못한 상태에 있음.
¶ 서류의 미비 / 안전시설의 미비로 대형 사고가 발생하였다."
0416,DAY 14,편중,편중,偏重,치우칠 편무거울 중,2009수능,명사,"한쪽으로 치우침.
¶ 부의 편중 / 입시 편중 교육 / 의료 시설의 대도시 편중"
0417,DAY 14,동참,동참,同參,한가지 동참여할 참,2009수능,명사,"(1) 어떤 모임이나 일에 같이 참가함.
¶ 동참을 촉구하다 / 시민들의 동참으로 모금 운동은 성공적으로 끝났다.
(2) {불교} 승려와 신도가 한 법회에서 같이 불도를 닦는 일."
0418,DAY 14,포상,포상03,褒賞,"기릴 포, 상줄 상",2009수능,명사,"(1) 칭찬하고 장려하여 상을 줌.
¶ 포상 휴가 / 그는 문책보다는 포상을 중시한다.
(2) {법률} 각 분야에서 나라 발전에 뚜렷한 공로가 있는 사람에게 정부가 칭찬하고 장려하
여 상을 줌. 또는 그 상. 훈장, 포장, 표창의 세 종류가 있다. 포상 대상에는 사
망자도 포함된다. ≒ 정부 포상.
¶ 포상 업무 지침 / 국가 대표의 포상 문제."
0419,DAY 14,취지,취지03,趣旨,"뜻 취, 뜻 지",2009수능,명사,"어떤 일의 근본이 되는 목적이나 긴요한 뜻. ≒ 지취
02(旨趣)(2)·취의
05(趣意).
¶ 입법 취지 / 설립 취지 / 취지를 밝히다 / 취지에 맞다 / 취지에 어긋나다 / 더
러는 당국의 취지를 기꺼이 수긍했고, 더러는 그리 달가운 빛을 보이지 않는
사람도 있었다. ≪이청준, 당신들의 천국≫"
0420,DAY 14,연계,연계03,連繫,"잇닿을 련, 맬 계",2009수능,명사,"(1) 잇따라 맴.
(2) 어떤 일이나 사람과 관련하여 관계를 맺음. 또는 그 관계.
¶ 연계 고리 / 연계 교육 / 정치적 연계 / 다른 단체와의 연계를 모색하다.
(3) 예전에, 다른 사람의 죄에 관련되어 옥에 매는 일을 이르던 말."
0421,DAY 15,자율,자율,自律,"스스로 자, 법칙 률",2009수능,명사,"(1) 남의 지배나 구속을 받지 아니하고 자기 스스로의 원칙에 따라 어떤 일을 하는 일. 또
는 자기 스스로 자신을 통제하여 절제하는 일.
(2) {철학} 자신의 욕망이나 남의 명령에 의존하지 아니하고, 스스로의 의지로 객관적인 도
덕 법칙을 세워 이에 따르는 일. 칸트 윤리학의 중심 개념이다."
0422,DAY 15,조장,조장03,助長,"도울 조, 길 장",2009수능,명사,"바람직하지 않은 일을 더 심해지도록 부추김.
¶ 사행심 조장 / 과소비 조장."
0423,DAY 15,기원,기원05,起源起原,"일어날 기, 근원 원, 일어날 기, 근원 원",2009수능,명사,"사물이 처음으로 생김. 또는 그런 근원.
¶ 생명의 기원 / 인류의 기원 / 민주 정치의 기원은 고대 그리스에서 출발한다."
0424,DAY 15,도모,도모05,圖謀,"그림 도, 꾀 모",2009수능,명사,"어떤 일을 이루기 위하여 대책과 방법을 세움.
¶ 부원들 간의 친목 도모를 위해 주말에 야유회를 가기로 했다."
0425,DAY 15,공존,공존,共存,"한가지 공, 있을 존",2009수능,명사,"(1) 두 가지 이상의 사물이나 현상이 함께 존재함. ≒ 공재02(共在)·구재06(俱在).
¶ 근대와 전근대의 공존.
(2) 서로 도와서 함께 존재함.
¶ 두 국가가 공존을 꾀하다. / 냉전 시대가 종식된 이후 세계는 차츰 화해와 공존
체제로 바뀌기 시작하였다."
0426,DAY 15,구비,구비02,具備,"갖출 구, 갖출 비",2009수능,명사,"있어야 할 것을 빠짐없이 다 갖춤. ≒ 원비
07(圓備).
¶ 구비 서류 / 구비 조건."
0427,DAY 15,자생,자생02,自生,"스스로 자, 날 생",2009수능,명사,"(1) 자기 자신의 힘으로 살아감.
¶ 자생 능력 / 자생과 자멸을 거듭하다.
(2) 저절로 나서 자람.
¶ 자생 춘란.
(3) {불교} 저절로 생겨남. 또는 인(因)이 스스로 과(果)를 낳음."
0428,DAY 15,창조,창조03,創造,"비롯할 창, 지을 조",2009수능,명사,"(1) 전에 없던 것을 처음으로 만듦.
¶ 그는 새로운 시형의 창조에 몰두하였다. / 그들은 새로운 유행 패턴의 창조로
소비자들은 물론 업계의 비상한 관심을 끌고 있다.
(2) 신(神)이 우주 만물을 처음으로 만듦.
¶ 생명 창조의 신비 / 창세기에 의하면 인류의 창조는 모든 창조 뒤에 이루어졌
다.
(3) 새로운 성과나 업적, 가치 따위를 이룩함.
¶ 민족 문화 창조의 역군 / 역사 창조의 원동력."
0429,DAY 15,산출,산출02,算出,"셈 산, 날 출",2009수능,명사,"계산하여 냄.
¶ 성적 산출 / 생산량 산출 / 산출 방식 / 산출 기준 / 그 사람들이라면 신천동에
서 파 온 관을 묻는 데에 몇 사람의 손이 며칠간의 작업을 강행해야 끝마칠 수
있다는 것과 그에 따른 경비의 산출도 가장 믿음직할 것이었다.
≪이문구, 장한몽≫"
0430,DAY 15,환류,환류,還流,"돌아올 환, 흐를 류",2009수능,명사,"(1) {지리} 물 또는 공기의 흐름이 방향을 바꾸어 되돌아 흐름. 또는 그런 현상.
(2) {지리} 적도 해류가 대륙이나 섬에 부딪혀서 둘로 나뉘어 극지방을 향하여 점차 동쪽으
로 흐르는 난류. 멕시코 만류 따위가 있다.
(3) {화학} 가열에 의하여 생긴 증기를 응축하여 다시 본디의 위치로 되돌리는 화학 실험 방
법."
0431,DAY 15,대별,대별,大別,"클 대, 나눌 별",2009수능,명사,크게 구별하여 나눔.
0432,DAY 15,상응,상응,相應,"서로 상, 응할 응",2009수능,명사,"(1) 서로 응하거나 어울림.
(2) 서로 기맥이 통함."
0433,DAY 15,짐작,짐작,斟酌,"짐작할 짐, 술 부을, 작",2009수능,명사,"사정이나 형편 따위를 어림잡아 헤아림. ≒ 침량(斟量).
¶ 짐작이 가다. / 짐작이 들다. / 어디 조금이라도 짐작이 가는 데가 없습니까? /
그가 나를 속이고 도망갈 줄은 짐작조차 못 했다. / 그녀에게 전화를 걸었지만
짐작대로 집에 있지 않았다. / 거기까지 얘기를 듣자 명훈은 비로소 그 사내의
정체가 어렴풋하게나마 짐작이 갔다. ≪이문열, 변경≫"
0434,DAY 15,단언,단언02,斷言,"끊을 단, 말씀 언",2009수능,명사,"주저하지 아니하고 딱 잘라 말함.
¶ 단언을 내리다. / 단언인지 몰라도 40대 이상이면 적어도 둘 중 하나는 한 번쯤
보증으로 쓴맛을 본 기억이 있을 것이다. ≪이문열, 시대와의 불화≫"
0435,DAY 15,인과,인과03,因果,"인할 인, 열매 과",2009수능,명사,"(1) 원인과 결과를 아울러 이르는 말.
¶ 그리하여 고와 낙은 항상 교착되고 서로 인과가 되는 것이다.
≪이희승, 소경의 잠꼬대≫
(2) {불교} 선악의 업에 따라 그에 해당하는 과보(果報)를 받는 일."
0436,DAY 15,성립,성립,成立,"이룰 성, 설 립",2009수능,명사,"일이나 관계 따위가 제대로 이루어짐. ‘이루어짐’으로 순화.
¶ 봉건 사회의 성립 / 휴전 성립 후에 날아온 편지니까 이 편지는 한상혁이 그동
안 탈 없이 살아 있음을 알리는 편지다. ≪홍성원, 육이오≫"
0437,DAY 15,대안,대안03,代案,"대신 대, 책상 안",2009수능,명사,"어떤 안(案)을 대신하는 안.
¶ 대안을 내놓다. / 대안을 제시하다. / 현실적인 대안을 찾다. / 이 방법도 썩 좋
지는 않으나 다른 대안이 없으니 어쩔 수 없다. / 한편 생각하면 너무나 어처
구니없는 낙관이라고 웃어넘길 수도 있지만 대안도 없이 남의 신념에 물을 끼
얹고 싶지도 않았다. ≪이병주, 관부 연락선≫"
0438,DAY 15,도상,도상04,道上途上,"길 도, 윗 상, 길 도, 윗 상",2008수능,명사,"(1) 길 위.
(2) 어떤 일이 진행되는 과정이나 도중.
¶ 교양은 항상 도상에 있는 것이요, 목적지를 갖지 않는다. ≪김진섭, 인생 예찬≫
/ 이 말은 그가 일생 수양 도상에서 도덕적 정진의 발걸음이 느린 것을 깊이
한탄한 말이다. ≪안병욱, 사색인의 향연≫"
0439,DAY 15,합치,합치,合致,"합할 합, 이를 치",2008수능,명사,"의견이나 주장 따위가 서로 맞아 일치함.
¶ 세 사람이 진지한 토론을 거듭한 결과 결론을 내고 그 결론을 가지고 당원들을
교육시키기로 합치를 보았다. ≪이병주, 지리산≫"
0440,DAY 15,변칙,변칙,變則,"변할 변, 법칙 칙",2008수능,명사,"원칙에서 벗어나 달라짐. 또는 그런 법칙이나 규정.
¶ 그 기관이 예산을 변칙으로 운영한 것으로 알려졌다. / 상속세를 피하려고 변칙
으로 재산을 증여한 재벌에게 비난이 쏟아졌다."
0441,DAY 15,구축,구축03,構築,"얽을 구, 쌓을 축",2008수능,명사,"(1) 어떤 시설물을 쌓아 올려 만듦.
¶ 방공호 구축 / 진지 구축 / 그들은 섬사람들을 인부로 써서 세 곳의 해문(海門)
구축 공사를 했고, 마실 물을 공급하기 위해 급수로를 닦기도 하였다.
≪문순태, 타오르는 강≫
(2) 체제, 체계 따위의 기초를 닦아 세움.
¶ 신뢰 구축 / 안정 기반 구축 / 통신망 구축 / 지지 기반의 구축 / 새로운 무역
체제 구축 / 전 세계를 무대로 한 판매망 구축."
0442,DAY 15,용적,용적,容積,"얼굴 용, 쌓을 적",2008수능,명사,"(1) 물건을 담을 수 있는 부피. 혹은 용기 안을 채우는 분량.
¶ 물이 냉각되면 그 용적이 늘어난다.
(2) {수학} 통이나 그릇 따위의 안에 넣을 수 있는 물건 부피의 최댓값."
0443,DAY 15,판도,판도01,版圖,"판목 판, 그림 도",2008수능,명사,"(1) 한 나라의 영토.
¶ 판도를 넓히다.
(2) 어떤 세력이 미치는 영역 또는 범위.
¶ 판도가 달라지다. / 판도를 바꿔 놓다. / 이 제품으로 업계의 판도 변화가 예상
된다."
0444,DAY 15,추종,추종01,追從,"쫓을 추, 따를 추, 좇을 종",2008수능,명사,"(1) 남의 뒤를 따라서 좇음. ≒ 축종
02(逐從).
¶ 그는 컴퓨터 분야에서는 타의 추종을 불허한다.
(2) 권력이나 권세를 가진 사람이나 자신이 동의하는 학설 따위를 별 판단 없이 믿고 따름.
¶ 추종 세력 / 주어진 법률에 유유낙낙 추종만 하고 있는 형편에선 변호사가 할
일이란 거의 없는 거나 마찬가지죠. ≪이병주, 행복어 사전≫"
0445,DAY 15,양상,양상08,樣相,"모양 양, 서로 상",2008수능,명사,"(1) 사물이나 현상의 모양이나 상태. ≒ 양22(樣)(2).
¶ 소설의 시대별 양상 / 다채로운 양상을 띠다. / 복잡한 양상을 보이다. / 인간성
의 적나라한 양상을 드러내다. / 사태가 새로운 양상으로 전개되다. / 현대 사
회로 오면서 삶의 양상이 많이 달라졌다.
(2) {논리} 판단의 확실성. 일정한 판단의 타당한 정도를 이른다."
0446,DAY 15,통용,통용,通用,"통할 통, 쓸 용",2008수능,명사,"(1) 일반적으로 두루 씀.
¶ 화폐의 통용 / 옛날처럼 아씨라고 부르기 싫고 아주머니라기도 안 되었고 하여
집에서도 선생님으로 통용이다. ≪염상섭, 취우≫
(2) 서로 넘나들어 두루 씀."
0447,DAY 15,만류,만류01,挽留,"당길 만, 머루를 류",2008수능,명사,"붙들고 못 하게 말림. ≒ 만주
01(挽住)·만지
02(挽止)·만집(挽執).
¶ 만류를 뿌리치다. / 얼굴이 시뻘게진 그 어머니가 선생님의 만류에도 아랑곳 않
고 아이를 후려 패고 있었다.≪이문열, 변경≫ / 나는 그의 간곡한 만류도 듣지
않고 그대로 돌아오고 말았다.≪김동리, 까치 소리≫"
0448,DAY 15,소임,소임02,所任,"바 소, 맡길 임",2008수능,명사,"(1) 맡은 바 직책이나 임무.
¶ 소임으로 여기다. / 자기의 소임을 다하다. / 막중한 소임을 맡다. / 봉학이의
처소는 전에 있던 곳이니 공방에서 병장으로 소임이 바뀐 뒤에도 감사의 말씀
으로 처소만은 옮기지 아니하였었다. ≪홍명희, 임꺽정≫
(2) 소규모 단체 따위에서 아래 급의 임원. ≒ 색장
02(色掌)(1)."
0449,DAY 15,처신,처신,處身,"곧 처, 몸 신",2008수능,명사,"세상을 살아가는 데 가져야 할 몸가짐이나 행동. ≒ 행기
02(行己)·행신
01(行身).
¶ 처신이 바르다 / 처신을 잘해야 남에게 귀염을 받는다. / 김학우는 천성이 영악
하고 처신에 빈틈이 없을 뿐 아니라 외세를 이용하고 그 재능이 뛰어나서…. ≪
유주현, 대한 제국≫ / 그런 처신으로 해서 윤재가 돈을 모으지 못한 이유를
알 만하다고 고개를 끄덕였다. ≪한수산, 부초≫"
0450,DAY 15,불황,불황01,不況,"아니 불, 상황 황",2008수능,명사,"{경제} 경제 활동이 일반적으로 침체되는 상태. 물가와 임금이 내리고 생산이 위축되며 실업
이 늘어난다."
0451,DAY 16,흥망,흥망,興亡,"일 흥, 망할 망",2008수능,명사,"잘되어 일어남과 못되어 없어짐.
¶ 국가 흥망의 원인 / 흥망의 기로에 서다 / 영예로운 전통을 가진 조선 인민 유
격대 남부군의 흥망이 오늘 밤 여러 동무들의 손에 쥐어 있소. ≪이병주, 지리
산≫"
0452,DAY 16,부각,부각05,浮刻,"뜰 부, 새길 각",2008수능,명사,"(1) 어떤 사물을 특징지어 두드러지게 함.
¶ 상품명 선전은 효과가 단명한 데 비해 회사 자체의 이미지 부각은 그 수명이 영
원하다는 주장과 함께 이를 위해 돈 대신 머리를 썼다.
≪윤흥길, 날개 또는 수갑≫
(2) {미술} 조각에서, 평평한 면에 글자나 그림 따위를 도드라지게 새기는 일."
0453,DAY 16,상기,상기19,想起,"생각 상, 일어날 기",2008수능,명사,"(1) 지난 일을 돌이켜 생각하여 냄.
(2) {심리} 한 번 경험하고 난 사물을 나중에 다시 재생하는 일
(3) {철학} 플라톤의 용어로, 인간의 혼이 참된 지식인 이데아를 얻는 과정. 인간의 혼은 태
어나기 전에 보아 온 이데아를 되돌아봄으로써 참된 인식에 도달한다고 한다.
≒ 아남네시스(anamnesis)."
0454,DAY 16,철회,철회,撤回,"거둘 철, 돌아올 회",2008수능,명사,"(1) 이미 제출하였던 것이나 주장하였던 것을 다시 회수하거나 번복함. ‘거두어들임’으로 순
화. ≒ 회철.
¶ 파업 철회 / 그는 하루 전에 과장에게 제출했던 사표의 철회를 신중히 생각해
보았다.
(2) 건물, 시설 따위를 무너뜨려 없애거나 걷어치움."
0455,DAY 16,계책,계책02,計策,"셀 계, 꾀 책",2008수능,명사,"어떤 일을 이루기 위하여 꾀나 방법을 생각해 냄. 또는 그 꾀나 방법.
¶ 계책을 꾸미다. / 계책을 내다. / 계책을 세우다. / 계책을 쓰다. / 머리를 짜내
보았으나 별 뾰족한 계책이 떠오르지를 않았다. / 이는 나의 병권을 빼앗으려
함이 아니고 나를 살려 내고자 하는 계책이었다. ≪김구, 백범일지≫"
0456,DAY 16,미진하다,미진하다,未盡,"하다, 아닐, 미, 다할, 진",2008수능,형용사,"아직 다하지 못하다.
¶ 미진한 느낌 / 미진한 문제 / 미진한 상태 / 뭔가 미진한 게 남아 있다. / 면회
시간이 끝나는 벨이 울렸다. 순간 나는 화들짝 놀라며 긴요한 말을 빼먹은 것
같은 미진하고 초조한 느낌을 맛보았다. ≪박완서, 도시의 흉년≫ / 마무리를
짓기 위해 선생님의 글쓰기에 대해 미진했던 몇 가지 질문을 더 해 보도록 하
겠습니다. ≪이문열, 시대와의 불화≫"
0457,DAY 16,만세,만세02,萬世,"일만 만, 인간 세",2008수능,명사,"아주 오랜 세대.
¶ 만세에 길이 빛나는 업적."
0458,DAY 16,공론,공론01,公論,"공평할 공, 논할 론",2008수능,명사,"(1) 여럿이 의논함. 또는 그런 의논. ≒ 공의
04(公議).
¶ 공론에 부치다 / 사또는 책방과 한동안 머리를 맞대곤 공론을 한다.
≪유현종, 들불≫
(2) 공정하게 의논함. 또는 그런 의논.
¶ 공론에 따라 일을 처리하다.
(3) 사회 대중의 공통된 의견.
¶ 공론이 돌다. / 공론이 분분하다. / 국사를 처리할 때에는 항상 공론을 고려하여
야 한다."
0459,DAY 16,덕망,덕망,德望,"덕 덕, 바랄 망",2008수능,명사,"덕행으로 얻은 명망.
¶ 덕망이 높은 스승 / 덕망을 쌓다. / 향청이란…백성을 대표하여 수령을 보좌하는
지방 자치 기구로 그 우두머리인 좌수와 그 다음 자리인 별감은 그 지방 양반
가운데서 덕망 있는 사람을 임명했으나…. ≪송기숙, 녹두 장군≫"
0460,DAY 16,아첨,아첨,阿諂,"언덕 아, 아첨할 첨",2008수능,명사,"남의 환심을 사거나 잘 보이려고 알랑거림. 또는 그런 말이나 짓. ≒ 미열
01(媚悅)·미첨(媚
諂)·아미
01(阿媚)·아유
02(阿諛)·아종
02(阿從)·첨
03(諂)·첨유
01(1).
¶ 아첨을 떨다. / 지금 두 분께 뒤가 든든하단 낌새가 있으니까 저리 다정하게 아
첨을 붙이지만…. ≪황석영, 장길산≫ / 나는 살살 마음에도 없는 아첨을 늘어
놓았습니다. ≪최일남, 춘자의 사계≫"
0461,DAY 16,편찬,편찬,編纂,"엮을 편, 모을 찬",2008수능,명사,"여러 가지 자료를 모아 체계적으로 정리하여 책을 만듦. ≒ 찬찬
04(撰纂).
¶ 사전 편찬 / ≪고려사≫ 편찬 / 교과서 편찬."
0462,DAY 16,보필,보필02,輔弼,"도울 보, 도울 필",2008수능,,"[명사] 윗사람의 일을 도움. 또는 그런 사람. ‘도움’, ‘모심’으로 순화.
¶ 참모들의 보필을 받다. / 열 명의 신하를 보필로 삼다. / 부장님은 능력 있는 과
장의 보필 덕에 승진하였다."
0463,DAY 16,승화,승화,昇華,"오를 승, 빛날 화",2008수능,명사,"(1) 어떤 현상이 더 높은 상태로 발전하는 일.
(2) {물리} 고체에 열을 가하면 액체가 되는 일이 없이 곧바로 기체로 변하는 현상. 얼음이
증발하는 경우나 드라이아이스 따위에서 볼 수 있다. 또는 그 반대의 변화 과정
을 이르기도 한다.
(3) {심리} 자아(自我)의 방어 기제의 하나. 정신 분석에서, 사회적으로 인정되지 않는 충동·
욕구를 예술 활동, 종교 활동 따위의 사회적·정신적 가치가 있는 것으로 치환하
여 충족하는 일이다."
0464,DAY 16,향연,향연02,饗宴,"잔치할 향, 잔치 연",2008수능,명사,"(1) 특별히 융숭하게 손님을 대접하는 잔치.
¶ 향연을 베풀다. / 왕은 승리한 장군들을 위하여 성대한 향연을 준비하였다.
(2) {책명} 플라톤의 전기(前期) 저작의 하나. 소크라테스를 비롯하여 그리스의 일류 문화인
들이 한곳에 모여 사랑을 여러 가지 관점에서 이야기한 대화편이다."
0465,DAY 16,논박,논박,論駁,"논할 론, 논박할 박",2008수능,명사,"어떤 주장이나 의견에 대하여 그 잘못된 점을 조리 있게 공격하여 말함.
¶ 젊은 학자들의 새로운 주장은 기존 학계의 논박의 대상이 될 것이다. / 석성은
병부 상서라는 큰 지위에서 책임을 지고 물러나게 될 뿐 아니라, 반대 당의 논
박으로 나랏일을 그르쳤다 하여 신변이 위태롭게 되는 처지에 놓여 있게 되었
다. ≪박종화, 임진왜란≫"
0466,DAY 16,배치,배치03,配置,"나눌 배, 둘 치",2008수능,명사,"사람이나 물자 따위를 일정한 자리에 알맞게 나누어 둠.
¶ 인력 배치 / 병력 배치 / 좌석 배치 / 미사일 배치 장소는 비밀 사항이다. / 모
희규는 입대한 첫날 저녁부터 대뜸 그의 소원대로 취사반에 배치를 받았다.
≪홍성원, 육이오≫"
0467,DAY 16,분산,분산02,分散,"나눌 분, 흩을 산",2008수능,명사,"(1) 갈라져 흩어짐. 또는 그렇게 되게 함.
¶ 인구 분산 / 시설물 분산 배치 / 병력 분산은 신속하게 이루어졌고, 적들은 아
무런 저항을 받지 않고 순천 읍내로 진입했다. ≪조정래, 태백산맥≫
(2) {물리} 파장이 다른 여러 개의 빛이 프리즘을 통과할 때에 각각의 색의 띠로 갈라지는
현상.
(3) {수학} 통곗값과 평균값의 차이인 편차를 제곱하여 얻은 값들의 산술 평균. 분산이 작으
면 자료는 평균값 주위에 모여 있게 되고, 분산이 크면 자료 가운데 평균값에서
멀리 떨어진 것이 많게 된다.
(4) {화학} 균일한 상(相)에 다른 물질이 미세한 입자로 흩어져 있는 현상. 이때 전체의 물
질계를 분산계라 하고, 용매를 분산매, 용질을 분산질이라 한다."
0468,DAY 16,하중,하중02,荷重,"멜 하, 무거울 중",2008수능,명사,"(1) 어떤 물체 따위의 무게. ‘무게’, ‘짐 무게’로 순화.
¶ 트럭의 하중에 짓눌린 바퀴.
(2) {물리} 물체에 작용하는 외부의 힘 또는 무게.
¶ 하중을 가하다. / 하중을 견디다. / 하중을 받다."
0469,DAY 16,방안,방안01,方案,"모 방, 책상 안",2008수능,명사,"일을 처리하거나 해결하여 나갈 방법이나 계획.
¶ 실천 방안 / 해결 방안이 좀처럼 떠오르지 않는다. / 방안을 강구해 봤지만 별
뾰족한 수가 없다."
0470,DAY 16,안배,안배01,按排按配,"누를 안, 밀칠 배, 누를 안, 나눌 배",2008수능,명사,"알맞게 잘 배치하거나 처리함.
¶ 체력 안배 / 지역 안배를 고려한 인사를 단행했다. / 나는 선생님의 그런 세심
한 안배에도 끼지 못하고 늘 가장자리에 처져 있었다. ≪박완서, 그 많던 싱아
는 누가 다 먹었을까≫"
0471,DAY 16,정취,정취01,情趣,"뜻 정, 뜻 취",2008수능,명사,"깊은 정서를 자아내는 흥취.
¶ 예술적 정취 / 정취를 자아내다 / 이 길은 몇 해 전만 해도 산모퉁이며 논길과
밭둑길이 있어 사뭇 시골길의 정취가 배어 있었는데…. ≪법정, 무소유≫"
0472,DAY 16,기개,기개01,氣槪,"기운 기, 대개 개",2008수능,명사,"씩씩한 기상과 굳은 절개.
¶ 대한 남아의 기개 / 기개가 높다 / 우리 선수단이 우리 민족의 기개를 세계에
떨치고 돌아왔습니다. / 하고자 하는 말을 서슴없이 내뿜을 수 있는 그 기개가
부러운 거였다. ≪이문구, 장한몽≫"
0473,DAY 16,이행,이행07,移行,"옮길 이, 다닐 행",2008수능,명사,"다른 상태로 옮아감.
¶ 시장 경제 체제로의 이행 과정 / 독재 정치에서 민주적 정권으로의 이행이 순조
롭게 진행됐다."
0474,DAY 16,훼손,훼손,毁損,"헐 훼, 덜 손",2008수능,명사,"(1) 체면이나 명예를 손상함.
¶ 명예에 훼손을 입다 / 아들에게 설득당하기보다 남편에게 설득당했다는 편이 어
미로서 위신의 훼손도 없을 것인즉, 길상도 모르지는 않았다. ≪박경리, 토지≫
(2) 헐거나 깨뜨려 못 쓰게 만듦.
¶ 문화유산 훼손 / 자연환경 훼손이 심하다."
0475,DAY 16,추진,추진02,推進,"밀 추, 나아갈 진",2008수능,명사,"(1) 물체를 밀어 앞으로 내보냄.
¶ 추진 장치.
(2) 목표를 향하여 밀고 나아감.
¶ 추진 방향 / 중점 추진 사항 / 사업 추진 / 범민족적인 통일 운동의 추진 / 우
리 부서는 인력 부족으로 업무 추진에 어려움을 겪고 있다."
0476,DAY 16,달성,달성,達成,"통달할 달, 이룰 성",2008수능,명사,"목적한 것을 이룸.
¶ 목표 달성을 위해 노력하다."
0477,DAY 16,성찰,성찰,省察,"살필 성, 살필 찰",2008수능,명사,"(1) 자기의 마음을 반성하고 살핌.
¶ 수도자는 자신의 내면적인 성찰과 자각을 게을리하지 않아야 한다. / 사자의 무
덤을 찾는 것은 사자를 애도하는 의미보다 자기 성찰을 위한 행위다.
≪홍성원, 육이오≫
(2) {가톨릭} 고해 성사 전에 자신이 지은 죄를 자세히 생각하는 일."
0478,DAY 16,촉매,촉매,觸媒,"닿을 촉, 중매 매",2008수능,명사,"{화학}
(1) 자신은 변화하지 아니하면서 다른 물질의 화학 반응을 매개하여 반응 속도를 빠르게 하
거나 늦추는 일. 또는 그런 물질. 반응을 빠르게 하는 정촉매(正觸媒)와 반응을 늦추는
부촉매(負觸媒)가 있다.
(2) 어떤 일을 유도하거나 변화시키는 일 따위를 비유적으로 이르는 말.
¶ 그 신들린 열기가 그들의 의지이며, 최면이고, 또 다른 결의를 다지는 촉매이기
는 할 것이라고 나는 생각했다. ≪김원우, 짐승의 시간≫"
0479,DAY 16,흡착,흡착,吸着,"마실 흡, 붙을 착",2008수능,명사,"(1) 어떤 물질이 달라붙음.
(2) {화학} 고체 표면의 얇은 층에 기체 분자나 용액 중의 물질 또는 액체의 분자·원자·이온
이 붙어 있는 현상. 암모니아가 숯덩이 표면에 붙는 현상 따위이다."
0480,DAY 16,활성,활성,活性,"살 활, 성품 성",2008수능,명사,"{화학} 물질이 에너지나 빛 따위에 의하여 활동이 활발하여지며 반응 속도가 빨라지는 성질.
또는 촉매의 반응 촉진 능력."
0481,DAY 17,회귀,회귀,回歸,돌아올 회돌아갈 귀,2008수능,명사,"한 바퀴 돌아 제자리로 돌아오거나 돌아감.
¶ 과거로의 회귀 / 민요섭이 죽은 것은 기도원이며 그가 죽기 직전까지 걸은 길은
기독교로의 회귀였다는 걸 떠올리자 그런 생각은 이내 사라졌다.
≪이문열, 사람의 아들≫"
0482,DAY 17,정체,정체03,停滯,"머무를 정, 막힐 체",2008수능,명사,"사물이 발전하거나 나아가지 못하고 한자리에 머물러 그침.
¶ 경제의 정체로 불황이 지속된다. / 주말이 되면 이 도로는 교외로 나들이 가는
차량으로 극심한 정체를 이룬다. / 후퇴도 전진도 정체보다는 낫다.
≪이병주, 지리산≫"
0483,DAY 17,전환,전환03,轉換,"구를 전, 바꿀 환",2008수능,명사,"(1) 다른 방향이나 상태로 바뀌거나 바꿈.
¶ 기분 전환 / 사고의 전환 / 인식의 전환 / 체제의 전환 / 전환을 모색하다. /
전환을 시도하다. / 전환을 촉구하다. / 방향의 전환을 꾀하다.
(2) {심리} 마음속의 감정적 갈등이 신체적 운동 기능이나 감각 기능의 증상으로 나타나는
것. 히스테리성 경련이나 마비 따위는 이러한 기제에 의하여 일어난다.
(3) {화학} 핵연료 가운데 핵분열을 일으키지 않는 우라늄 238이 중성자를 흡수하여 핵분열
을 일으키는 플루토늄 239로 변화하는 일."
0484,DAY 17,구명,구명04,究明,"연구할 구, 밝힐 명",2008수능,명사,"사물의 본질, 원인 따위를 깊이 연구하여 밝힘.
¶ 고대 유물에 대한 문제의 구명에서 무엇보다도 긴요한 것은 객관적인 자료의 뒷
받침이다."
0485,DAY 17,제휴,제휴,提携,"끌 제, 이끌 휴",2008수능,명사,"행동을 함께하기 위하여 서로 붙들어 도와줌.
¶ 제휴를 맺다. / 양 민족의 정상적인 제휴 위에는 기필코 양양한 탄탄대로가 열
릴 것을 의심치 않습니다. ≪김소운, 일본의 두 얼굴≫"
0486,DAY 17,주류,주류01,主流,"주인 주, 흐를 류",2007수능,명사,"(1) 강물 따위의 원줄기가 되는 큰 흐름.
(2) 사상이나 학술 따위의 주된 경향이나 갈래. ‘본류
01’로 순화.
¶ 그것이 우리 문학의 주류는 될 수 없었던 것이다. ≪이병주, 지리산≫
(3) 조직이나 단체 따위의 내부에서 다수파를 이르는 말.
¶ 주류와 비주류의 대립과 반목"
0487,DAY 17,동화,동화02,同化,"같을 동, 될 화",2007수능,명사,"(1) 성질, 양식(樣式), 사상 따위가 다르던 것이 서로 같게 됨.
¶ 자연과의 동화 / 감정의 동화가 일어나다. / 원만한 사회생활을 위해선 주변 사
람들과의 동화가 필요하다.
(2) 밖으로부터 얻어 들인 지식 따위를 완전히 자기 것으로 만듦.
(3) {언어} 말소리가 서로 이어질 때, 어느 한쪽 또는 양쪽이 영향을 받아 비슷하거나 같은
소리로 바뀌는 소리의 변화를 이르는 말. ≒ 닮음(2)."
0488,DAY 17,말살,말살,抹殺,"지울 말, 죽일 살",2007수능,명사,"있는 사물을 뭉개어 아주 없애 버림.
¶ 만주의 우리 독립군 거점은 완전히 와해돼 버리는 거지요. 말살입니다.
≪박경리, 토지≫"
0489,DAY 17,중첩,중첩02,重疊,"무거울 중, 거듭 첩",2007수능,명사,"거듭 겹치거나 포개어짐. ≒ 천첩02(臶疊).
¶ 앞으로 고난은 중첩이오. 그런 만큼 일하는 보람은 있겠지만요. ≪박경리, 토지
≫"
0490,DAY 17,소멸,소멸01,消滅,"사라질 소, 멸할 멸",2007수능,명사,"(1) 사라져 없어짐. ≒ 소망
04(消亡)·시멸
02.
¶ 미신을 타파한다고 장승을 죄 뽑아 버려 마을의 장승은 거의 소멸 상태에 이르
고 있다.
(2) {물리} 반입자와 소립자가 서로 합체하여 그 정지 에너지를 다른 입자의 형태로 내보냄.
또는 그런 과정."
0491,DAY 17,비극,비극,悲劇,"슬플 비, 심할 극",2007수능,명사,"(1) 인생의 슬프고 애달픈 일을 당하여 불행한 경우를 이르는 말.
¶ 비극이 일어나다. / 어쩌면 장렬하기까지 한 한 사나이의 비극적인 종말. 비극은
그러나 그 다음부터였다. ≪김성동, 만다라≫ / 그들은 장차 일어나려는 인생의
비극을 구경하려는 것처럼 눈도 깜박이지 않았다. ≪현진건, 적도≫
(2) {연영} 인생의 슬픔과 비참함을 제재로 하고 주인공의 파멸, 패배, 죽음 따위의 불행한
결말을 갖는 극 형식.
¶ 비극 영화 / 비극 작가."
0492,DAY 17,추리,추리04,推理,"밀 추, 다스릴 리",2007수능,명사,"(1) 알고 있는 것을 바탕으로 알지 못하는 것을 미루어서 생각함.
¶ 추리 과정 / 추리 문학 / 내 추리는 완전히 빗나가고 말았다. / 심찬수는 거기
서부터 추리가 막히고 오리무중에 빠져드는 느낌이었다. ≪김원일, 불의 제전≫
/ 그는 섣부른 상상이나 추리만으로 사고를 설명할 수는 없었다.
≪이청준, 이어도≫
(2) {논리} 어떠한 판단을 근거로 삼아 다른 판단을 이끌어 냄."
0493,DAY 17,해명,해명02,解明,"풀 해, 밝을 명",2007수능,명사,"까닭이나 내용을 풀어서 밝힘.
¶ 해명에 나서다. / 해명을 요구하다. / 놀라고 당황한 자기 태도에 대한 해명을
못하니까 자연 어색해질 수밖에 없었다. ≪박경리, 토지≫"
0494,DAY 17,옹호,옹호,擁護,"낄 옹, 도울 호",2007수능,명사,"두둔하고 편들어 지킴.
¶ 인권 옹호 / 나는 노동조합에 관해서 문외한이지만 노동자의 자율적인 권익 옹
호가 필요하다는 점엔 동의했다. ≪이병주, 행복어 사전≫"
0495,DAY 17,입증,입증02,立證,"설 립, 증거 증",2007수능,명사,"어떤 증거 따위를 내세워 증명함.
¶ 의료 사고의 입증 책임은 의료 기관에 있다. / 그 사고는 목격자가 없어 입증이
불가능했다. / 이 학설은 입증이 곤란하여 통설로 받아들이기 어렵다."
0496,DAY 17,교차,교차01,交叉,"사귈 교, 갈래 차",2007수능,명사,"(1) 서로 엇갈리거나 마주침.
¶ 만감의 교차 / 도로와 철도의 교차 지점 / 두 직선의 교차
(2) {생물} 생식 세포가 감수 분열을 할 때에 상동 염색체 사이에 일어나는 유전 물질의 부
분적인 교환 현상."
0497,DAY 17,관측,관측,觀測,"볼 관, 헤아릴 측",2007수능,명사,"(1) 육안이나 기계로 자연 현상 특히 천체나 기상의 상태, 추이, 변화 따위를 관찰하여 측정
하는 일.
¶ 별의 움직임에 대한 관측 자료.
(2) 어떤 사정이나 형편 따위를 잘 살펴보고 그 장래를 헤아림.
¶ 적정 관측 / 올해를 고비로 내년부터는 경기가 회복기에 접어들 것이라는 희망
적인 관측이 나오고 있다."
0498,DAY 17,모순,모순01,矛盾,"창 모, 방패 순",2007수능,명사,"(1) 어떤 사실의 앞뒤, 또는 두 사실이 이치상 어긋나서 서로 맞지 않음을 이르는 말. 중국
초나라의 상인이 창과 방패를 팔면서 창은 어떤 방패로도 막지 못하는 창이라 하고 방
패는 어떤 창으로도 뚫지 못하는 방패라 하여, 앞뒤가 맞지 않은 말을 하였다는 데서
유래한다.
¶ 사회의 구조적 모순 / 모순을 드러내다. / 체제의 모순을 극복하다.
(2) {논리} 두 가지의 판단, 사태 따위가 양립하지 못하고 서로 배척하는 상태. 두 판단이
중간에 존재하는 것이 없이 대립하여 양립하지 못하는 관계로, 이를테면 ‘고양이
는 동물이지만 동물이 아니다.’ 따위이다.
(3) {철학} 투쟁 관계에 있는 두 대립물이 공존하면서 맺는 상호 관계. 논리적 모순과 변증
법적 모순이 있는데, 논리적 모순이 사유의 영역에만 존재하는 데 비해 변증법
적 모순은 사물, 체계 따위의 객관적 실재에 속하며 모든 운동과 변화, 발전의
근원이 된다."
0499,DAY 17,낙관,낙관02,樂觀,"즐길 락, 볼 관",2007수능,명사,"(1) 인생이나 사물을 밝고 희망적인 것으로 봄.
(2) 앞으로의 일 따위가 잘되어 갈 것으로 여김.
¶ 낙관을 불허하는 정세 / 올 물가는 인상 요인이 많아 낙관만 하고 있을 수 없
다."
0500,DAY 17,고심,고심02,苦心,"쓸 고, 마음 심",2007수능,명사,"몹시 애를 태우며 마음을 씀. ‘애씀’으로 순화.
¶ 고심 끝에 결정을 내리다. / 아비 없는 자식을 키워야 하는 어머니의 고심은 이
만저만이 아니었다."
0501,DAY 17,노골적,노골적,露骨的,"이슬, 로, 뼈 골어조사, 적",2007수능,"관형사, , 명사","숨김없이 모두를 있는 그대로 드러내는. 또는 그런 것.
¶ 성의 노골적 묘사 / 상대방에게 속마음을 노골적으로 드러내다. / 노골적으로
금품을 요구하다. / 대불이는 고집을 꺾지 않은 형에 대해 노골적으로 불만을
털어 내며 어머니와 함께 새벽길을 떠났다. ≪문순태, 타오르는 강≫"
0502,DAY 17,혐의,혐의,嫌疑,싫어할 혐의심할 의,2007수능,명사,"(1) 꺼리고 미워함.
¶ 이 지경 될 줄 알았다면 남과 혐의나 아니 지었다면 좋을 것을….
≪이해조, 화의 혈≫
(2) {법률} 범죄를 저질렀을 가능성이 있다고 봄. 또는 그 가능성. 수사를 개시하게 되는 동
기가 된다.
¶ 범죄 혐의 / 혐의를 받다. / 혐의를 두다. / 혐의를 씌우다. / 혐의가 짙다."
0503,DAY 17,의거,의거02,依據,"의지할 의, 근거 거",2007수능,명사,"(1) 어떤 사실이나 원리 따위에 근거함.
¶ 의거 자료.
(2) 어떤 힘을 빌려 의지함. ≒ 의빙01(依憑).
(3) 산수(山水)에 의지하여 웅거함."
0504,DAY 17,필연,필연01,必然,"반드시 필, 그럴 연",2007수능,"Ⅰ, , 명사","사물의 관련이나 일의 결과가 반드시 그렇게 될 수밖에 없음.
¶ 시초는 우연이 만들어 놓되 그 시초를 이끌어 가는 것은 필연이 아닌가.
≪유재용, 성역≫
[Ⅱ] [부사]
틀림없이 꼭. ≒ 필야(必也).
¶ 필연 무슨 곡절이 있는 것이 분명해."
0505,DAY 17,도출,도출02,導出,"인도할 도, 날 출",2007수능,명사,"판단이나 결론 따위를 이끌어 냄.
¶ 국민적 합의의 도출 / 협상이 계속 진행되었지만 결론 도출은 어렵다는 전망이
지배적이었다."
0506,DAY 17,창제,창제02,創製,"비롯할 창, 지을 제",2007수능,명사,"전에 없던 것을 처음으로 만들거나 제정함.
¶ 훈민정음 창제."
0507,DAY 17,선험적,선험적,先驗的,"먼저 선, 시험 험, 어조사 적",2007수능,"관형사, , 명사","{철학} 경험에 앞서서 인식의 주관적 형식이 인간에게 있다고 주장하는. 또는 그런 것. 대상
에 관계되지 않고 대상에 대한 인식이 선천적으로 가능함을 밝히려는 인식론적 태도
를 말한다.
¶ 결사적으로 역사를 왜곡하려는 것도 선험적 열등 의식 때문일 것이다.
≪박경리, 토지≫"
0508,DAY 17,표상,표상,表象,"겉 표, 코끼리 상",2007수능,명사,"(1) 본을 받을 만한 대상. ‘본보기’로 순화.
¶ 신체의 장애에 굴하지 않고 성공한 그는 모든 장애인들의 표상이 되었다.
(2) 대표로 삼을 만큼 상징적인 것.
¶ 태극기는 한민족의 표상이다. / 그의 검은 얼굴은 사나이의 표상이요….
≪나도향, 환희≫
(3) {문학} 감각에 의하여 획득한 현상이 마음속에서 재생된 것.
(4) {심리} 외부 세계의 대상을 마음속에 나타내는 것.
(5) {철학} 지각(知覺)에 의하여 의식에 나타나는 외계 대상의 상(像). 직관적인 것으로 개념
이나 이념과 다르다."
0509,DAY 17,절차,절차02,節次,"마디 절, 버금 차",2007수능,명사,"일을 치르는 데 거쳐야 하는 순서나 방법.
¶ 수속 절차 / 법적 절차 / 절차를 밟다. / 절차를 거치다. / 절차가 복잡하다. /
모든 절차가 순조롭게 진행되었다. / 그것은 형식상의 절차에 불과하다."
0510,DAY 17,선정,선정07,選定,"가릴 선, 정할 정",2007수능,명사,"여럿 가운데서 어떤 것을 뽑아 정함. ≒ 초정02(抄定)·택정(擇定).
¶ 작품 선정 / 사업자 선정 / 필자 선정."
0511,DAY 18,신축적,신축적,伸縮的,"펼 신, 줄일, 축, 어조사, 적",2007수능,"관형사, , 명사","(1) 늘고 주는 성질이 있는. 또는 그런 것.
¶ 신축적 소재 / 이 속옷은 신축적이어서 체형을 잘 보정해 준다.
(2) 일의 형편에 따라 적절하게 대처할 수 있는. 또는 그런 것.
¶ 신축적 운용 / 신축적 관리 / 신축적인 통화 공급 / 변화하는 상황에 신축적으
로 대처하다."
0512,DAY 18,추세,추세03,趨勢,"달아날 추, 형세 세",2007수능,명사,"(1) 어떤 현상이 일정한 방향으로 나아가는 경향.
¶ 세계적 추세 / 일반적 추세 / 증가 추세 / 추세를 따르다. / 감소 추세를 보이
다. / 시대적 추세에 맞추다. / 결혼을 늦게 하는 것이 요즘의 추세이다.
(2) 어떤 세력이나 세력 있는 사람을 붙좇아서 따름.
¶ 그는 기미년 전후의 한참 당년에 예수교가 득세할 무렵에는 독신자가 되었었는
데 추세를 잘하기로 유명한 그는 그 뒤로 차차 예수교가 신망이 없어져 가니까
고만 불교 신자로 교적을…. ≪이기영, 고향≫"
0513,DAY 18,유망,유망01,有望,"있을 유, 바랄 망",2007수능,명사,"(일부 명사 앞에 쓰여) 앞으로 잘될 듯한 희망이나 전망이 있음.
¶ 유망 사업 / 유망 직종 / 금메달 유망 종목 / 유망 중소기업을 육성하다."
0514,DAY 18,집약,집약,集約,"모을 집, 맺을 약",2007수능,명사,한데 모아서 요약함.
0515,DAY 18,제정,제정01,制定,"지을 제, 정할 정",2007수능,명사,"제도나 법률 따위를 만들어서 정함.
¶ 법 제정 / 법률의 제정은 법률안의 제안, 의결, 공포의 절차를 밟아서 이루어진
다. / 김치삼은 1948년 7월 17일에 제정 공포된 구헌법에 무척이나 흥미를 느
꼈었다. ≪박태순, 어느 사학도의 젊은 시절≫"
0516,DAY 18,발언,발언02,發言,"필 발, 말씀 언",2007수능,명사,"말을 꺼내어 의견을 나타냄. 또는 그 말. ≒ 발어(發語).
¶ 장관의 발언 / 발언에 나서다. / 무책임한 발언에 대하여 사과합니다. / 그 국회
의원은 잘못된 발언으로 물의를 빚었다. / 그는 삐뚤어진 현실에 대해 한마디
의 발언도 할 수 없는 학문이라면, 차라리 무지한 시민으로 돌아가….
≪홍성원, 육이오≫"
0517,DAY 18,검열,검열01,檢閱,"검사할 검, 볼 열",2007수능,명사,"(1) 어떤 행위나 사업 따위를 살펴 조사하는 일.
¶ 검열을 받다. / 이것저것 겹친 검열 때문에 나는 한동안 밤잠도 자지 못하고 일
에 쫓기고 있었다. ≪이청준, 조율사≫
(2) {군사} 군기, 교육, 작전 준비, 장비 따위의 군사 상태를 살펴보는 일.
¶ 내무반 검열.
(3) {법률} 언론, 출판, 보도, 연극, 영화, 우편물 따위의 내용을 사전에 심사하여 그 발표를
통제하는 일. 사상을 통제하거나 치안을 유지하기 위한 것이다.
¶ 영화의 사전 검열이 폐지되었다."
0518,DAY 18,규제,규제,規制,"법 규, 지을 제",2007수능,명사,"(1) 규칙이나 규정에 의하여 일정한 한도를 정하거나 정한 한도를 넘지 못하게 막음.
¶ 수입에 대한 규제
(2) 규칙으로 정함. 또는 그 정하여 놓은 것.
¶ 군국기무처에서 만든 규제에 의하면 총리대신은 의정부의 백관을 관장하고 서정
(庶政)을 총람하게 돼 있다. ≪유주현, 대한 제국≫"
0519,DAY 18,유해,유해02,有害,"있을 유, 해할 해",2007수능,명사,"(주로 일부 명사 앞에 쓰여) 해로움이 있음.
¶ 유해 물질 / 유해 식품."
0520,DAY 18,투항,투항,投降,"던질 투, 항복할 항",2007수능,명사,"적에게 항복함.
¶ 투항 권고문 / 병사들은 그에게 투항을 거듭 촉구했다. / 만일 투항을 거부하면
그때 사살해도 늦지 않는다. 알겠나? ≪홍성원, 육이오≫"
0521,DAY 18,도리,도리10,道理,"길 도, 다스릴 리",2007수능,명사,"(1) 사람이 어떤 입장에서 마땅히 행하여야 할 바른길.
¶ 도리에 어긋나다. / 도리를 지키다. / 스승에게 제자 된 도리를 다했다.
(2) 어떤 일을 해 나갈 방도(方道). ≒ 도철02(途轍).
¶ 알 도리가 없다. / 어떻게 할 도리가 없다. / 이젠 도리 없이 포기해야겠다. /
이렇게 넋을 잃고 있지 말고 살아갈 도리를 찾아보자."
0522,DAY 18,처사,처사02,處事,"곳 처, 일 사",2007수능,명사,"일을 처리함. 또는 그런 처리.
¶ 부당한 처사 / 그는 자기만 따돌린 친구의 처사가 괘씸하였다. / 가족들의 만류
를 뿌리치고 과감히 낙향해 버린 자신의 처사가 결과적으로 옳았음이 증명되었
다. ≪윤흥길, 완장≫"
0523,DAY 18,개괄,개괄,槪括,"대개 개, 묶을 괄",2007수능,명사,"(1) 중요한 내용이나 줄거리를 대강 추려 냄.
¶ 개괄 설명 / 그는 이 작품에서 시대의 역사적 개괄을 시도했다.
(2) {논리} 어떤 개념의 외연을 확대하여, 보다 많은 사물을 포괄하는 개념으로 만드는 일."
0524,DAY 18,보수,보수09,報酬,"갚을 보, 갚을 수",2007수능,명사,"(1) 고맙게 해 준 데 대하여 보답을 함. 또는 그 보답.
¶ 가난한 이에게 남몰래 도움을 준 사람에게는 반드시 그 보수가 따를 것이다.
(2) 일한 대가로 주는 돈이나 물품.
¶ 한 달치 보수 / 보수가 박하다. / 높은 보수를 받다. / 보수를 지급하다. / 정당
한 보수를 요구하다. / 사원들은 성과에 따라 매달 다른 보수를 받고 있다. /
일은 갑절이나 하고 보수는 반도 안 되고…. ≪이병주, 관부 연락선≫
(3) {심리} 행위를 촉진하거나 학습 분위기를 조성하기 위하여 사람이나 동물에게 주는 물질
이나 칭찬."
0525,DAY 18,해소,해소03,解消,"풀 해, 사라질 소",2007수능,명사,"(1) 어려운 일이나 문제가 되는 상태를 해결하여 없애 버림.
¶ 교통난 해소 / 실업 문제의 해소 / 지역감정의 해소 대책을 세우다 / 스트레스
해소에 도움이 될 만한 것이 없겠습니까?
(2) 어떤 관계를 풀어서 없애 버림.
(3) 어떤 단체나 조직 따위를 없애 버림.
¶ 학생회의 해소."
0526,DAY 18,의결,의결02,議決,의논할 의결단할 결,2007수능,명사,"의논하여 결정함. 또는 그런 결정. ≒ 결의
03(決議).
¶ 이사회의 의결이 나오는 대로 조치가 취해질 것이다. / 헌법은 국회의 의결을
거쳐 국민 투표로 개정된다."
0527,DAY 18,중복,중복05,重複,"무거울 중, 겹칠 복",2007수능,명사,"거듭하거나 겹침.
¶ 중복 사용 / 중복 투자 / 쌀 한 가마니 값에 해당할 선물에다 은 십자가까지 곁
들인다면 별 뜻도 없고 효과적인 게 못 될 것 같았다. 중복은 피해야 한다고
그는 결론했다. ≪이문구, 장한몽≫"
0528,DAY 18,전래,전래,傳來,"전할 전, 올 래",2007수능,명사,"(1) 예로부터 전하여 내려옴.
¶ 전래 동요 / 전래 동화 / 전래 민요 / 이 도자기는 우리 집안 전래로 전해져 내
려오는 가보이다.
(2) 외국에서 전하여 들어옴.
¶ 목화의 전래 / 불교의 전래 / 옛날 중국 무덤에 있는 조각이 다른 문물의 전래
에 섞여서 일본으로 건너가서…. ≪최인훈, 가면고≫"
0529,DAY 18,다각화,다각화,多角化,"많을, 다, 뿔 각될 화",2006수능,명사,"여러 방면이나 부문에 걸치도록 함.
¶ 수출 품목의 다각화 / 다각화를 꾀하다. / 다각화를 모색하다. / 다각화를 추진
하다. / 그 회사는 상품의 다각화로 해외 시장을 공략하고 있다."
0530,DAY 18,행사,행사02,行使,"다닐 행, 부릴 사",2006수능,명사,"(1) 부려서 씀.
¶ 권력 행사 / 폭력 행사 / 실력 행사.
(2) 행동이나 하는 짓.
¶ 나와서 생각하니 실로 기가 막힌다. 그는 도리어 모친과 아내에게 부친의 행사
를 물어본다. ≪이기영, 신개지≫
(3) {법률} 권리의 내용을 실현함."
0531,DAY 18,수요,수요06,需要,"쓰일 수, 요긴할 요",2006수능,명사,"{경제} 어떤 재화나 용역을 일정한 가격으로 사려고 하는 욕구.
¶ 수요와 공급 / 수요가 증가하다. / 수요가 줄어들다. / 수요와 공급의 균형을 맞
추다. / 그 상품은 청소년들 사이에서 수요가 급증하고 있다."
0532,DAY 18,임대,임대,賃貸,"품삯 임, 빌릴 대",2006수능,명사,"돈을 받고 자기의 물건을 남에게 빌려줌.
¶ 임대 아파트 / 임대 가격이 싸다. / 임대 조건이 좋다."
0533,DAY 18,권리,권리,權利,"권세 권, 이로울 리",2006수능,명사,"(1) 권세와 이익.
(2) {법률} 어떤 일을 행하거나 타인에 대하여 당연히 요구할 수 있는 힘이나 자격. 공권,
사권, 사회권이 있다.
¶ 권리를 누리다. / 권리를 주장하다. / 권리를 침해하다. / 권리를 행사하다. /
사람에게는 교육을 받을 권리가 있다. / 민주주의 국가에서는 국민의 자유와
권리가 보장된다."
0534,DAY 18,개입,개입,介入,"낄 개, 들 입",2006수능,명사,"자신과 직접적인 관계가 없는 일에 끼어듦.
¶ 군사적 개입 / 제삼자의 개입 / 양가의 개입으로 부부 사이가 더 나빠졌다."
0535,DAY 18,종속,종속02,從屬,"좇을 종, 무리 속",2006수능,명사,"(1) 자주성이 없이 주가 되는 것에 딸려 붙음.
¶ 정치적 종속 / 경제적 종속.
(2) {언어} 문장의 구성 성분으로서 다른 부분에 대하여 주술, 수식, 조건적 접속 따위의 관
계로 결합하는 일. 또는 그런 방식."
0536,DAY 18,비평,비평,批評,"비평할 비, 평할 평",2006수능,명사,"(1) 사물의 옳고 그름, 아름다움과 추함 따위를 분석하여 가치를 논함.
¶ 날카로운 비평 / 신랄한 비평
(2) 남의 잘못을 드러내어 이러쿵저러쿵 좋지 아니하게 말하여 퍼뜨림.
¶ 당사자가 없는 자리에서 하는 비평은 정당하지 못하다."
0537,DAY 18,위계,위계02,位階,"자리 위, 섬돌 계",2006수능,명사,"(1) 벼슬의 품계.
¶ 그것은 새 능의 주인공의 신분이나 위계가 서하총의 그것보다는 아래임을 나타
내는 것이었다. ≪이청준, 춤추는 사제≫
(2) 지위나 계층 따위의 등급. ≒ 계위
01(階位).
¶ 위계가 서다 / 군대에서는 위계가 분명하다."
0538,DAY 18,허구,허구02,虛構,"빌 허, 얽을 구",2006수능,명사,"(1) 사실에 없는 일을 사실처럼 꾸며 만듦.
¶ 허구로 밝혀진 증언
(2) {문학} 소설이나 희곡 따위에서, 실제로는 없는 사건을 작가의 상상력으로 재창조해 냄.
또는 그런 이야기. ≒ 픽션."
0539,DAY 18,투영,투영02,投影,"던질 투, 그림자 영",2006수능,명사,"(1) 물체의 그림자를 어떤 물체 위에 비추는 일. 또는 그 비친 그림자. ≒ 투사영.
(2) 어떤 일을 다른 일에 반영하여 나타냄을 비유적으로 이르는 말.
(3) {수학} 도형이나 입체를 다른 평면에 옮기는 일. 혹은 그것에 의하여 평면에 생기는 도
형
(4) {심리} 어떤 상황이나 자극에 대한 해석, 판단, 표현 따위에 심리 상태나 성격이 반영되
는 일."
0540,DAY 18,해체,해체03,解體,"풀 해, 몸 체",2006수능,명사,"(1) 단체 따위가 흩어짐. 또는 그것을 흩어지게 함.
¶ 축구팀 해체 / 구단이 자금 사정을 이유로 팀의 해체를 선언했다.
(2) 체제나 조직 따위가 붕괴함. 또는 그것을 붕괴하게 함.
¶ 중세 사회의 해체 / 농촌의 해체 위기.
(3) 여러 가지 부속으로 맞추어진 기계 따위가 풀어져 흩어짐. 또는 그것을 뜯어서 헤침.
(4) 구조물 따위가 헐어 무너짐. 또는 그것을 헐어 무너뜨림.
(5) {생물} 생물체의 일부나 전부를 갈라 헤쳐 그 내부 구조와 각 부분 사이의 관련 및 병
인(病因), 사인(死因) 따위를 조사하는 일."
0541,DAY 19,복사,복사11,輻射,"바퀴살 복, 쏠 사",2006수능,명사,"{물리} 물체로부터 열이나 전자기파가 사방으로 방출됨. 또는 그 열이나 전자기파. ≒ 내비
침·라디에이션·방사
07(放射)(2).
¶ 어느덧 해는 지고 복사만 하늘에 남았다. ≪이병주, 지리산≫"
0542,DAY 19,응고,응고01,凝固,"엉길 응, 굳을 고",2006수능,명사,"액체 따위가 엉겨서 뭉쳐 딱딱하게 굳어짐.
¶ 응고 상태."
0543,DAY 19,상통,상통03,相通,"서로 상, 통할 통",2006수능,명사,"(1) 서로 막힘이 없이 길이 트임.
(2) 서로 마음과 뜻이 통함.
¶ 준태는 창애가 무엇을 하려는지 알 수 있었다. 좋든 나쁘든 4년간 같이 살아 온
사람끼리의 무언의 상통이라는 것이었다. ≪황순원, 움직이는 성≫
(3) 서로 어떠한 일에 공통되는 부분이 있음."
0544,DAY 19,유추,유추02,類推,"무리 유, 밀 추",2006수능,명사,"(1) 같은 종류의 것 또는 비슷한 것에 기초하여 다른 사물을 미루어 추측하는 일.
¶ 유추에 의하여 판단하다.
(2) {논리} 두 개의 사물이 여러 면에서 비슷하다는 것을 근거로 다른 속성도 유사할 것이라
고 추론하는 일. 서로 비슷한 점을 비교하여 하나의 사물에서 다른 사물로 추리
한다. ≒ 아날로지(1)·유비
04(類比)(2)·유비추리
(3) {언어} 어떤 단어나 어법(語法)이 의미적·형태적으로 비슷한 다른 단어나 문법 형식을
모델로 하여 형성되는 과정. ‘서르’, ‘바’가 ‘함부로’, ‘저절로’ 따위의 ‘-로’에
유추하여 ‘서로’, ‘바로’로 변화하는 현상 따위이다. ≒ 아날로지(2)"
0545,DAY 19,인용,인용02,引用,"끌 인, 쓸 용",2006수능,명사,"남의 말이나 글을 자신의 말이나 글 속에 끌어 씀.
¶ 인용 보도 / 적절한 인용 / 대부분이 인용으로 이루어진 글."
0546,DAY 19,보편적,보편적,普遍的,"넓을 보, 두루 편, 어조사 적",2006수능,"관형사, , 명사","(1) 두루 널리 미치는. 또는 그런 것.
¶ 보편적 추세 / 보편적으로 쓰는 말.
(2) 모든 것에 공통되거나 들어맞는. 또는 그런 것.
¶ 보편적 가치 / 보편적 성격 / 보편적이고 예외 없는 규칙 / 보편적으로 적용되
는 기준."
0547,DAY 19,묵시적,묵시적,默示的,"잠잠할 묵, 보일 시, 어조사 적",2006수능,"관형사, , 명사","직접적으로 말이나 행동으로 드러내지 않고 은연중에 뜻을 나타내 보이는. 또는 그런 것.
¶ 묵시적 동의 / 묵시적 원칙 / 묵시적으로 동조하다. / 급여 문제는 묵시적으로
합의를 본 사안이었다. / 대원의 말에 강 대위는 대답하지 않고 입가에 웃음을
조금 흘렸다. 그것은 묵시적인 승낙이었다. ≪이원규, 훈장과 굴레≫"
0548,DAY 19,범주,범주05,範疇,"법 범, 이랑 주",2006수능,명사,"(1) 동일한 성질을 가진 부류나 범위.
¶ 범주 안에 들다. / 같은 범주에 속하다. / 현대 사회에서 관찰할 수 있는 현상들
은 대략 몇 가지 범주로 묶어 볼 수 있다.
(2) {철학} 사물의 개념을 분류함에 있어서 그 이상 일반화할 수 없는 가장 보편적이고 기본
적인 최고의 유개념(類槪念). 아리스토텔레스에 의하여 술어화된 것으로, 분류의
기준과 구체적인 분류 내용은 철학자들마다 다르다. ≒ 오성 개념."
0549,DAY 19,고유,고유03,固有,"굳을 고, 있을 유",2006수능,명사,"본래부터 가지고 있는 특유한 것.
¶ 고유 의상 / 고유 음식 / 고유 상표 / 생활한복은 우리 고유의 멋에 실용성을
덧붙여서 만들었다. / 얇은 돌조각으로 지붕을 덮은 너새집은 고유의 가옥 형
태다."
0550,DAY 19,개조,개조01,改造,"고칠 개, 지을 조",2006수능,명사,"고쳐 만들거나 바꿈.
¶ 노후 건물 개조 / 차량 개조."
0551,DAY 19,연비,연비04,燃費,"탈 연, 쓸 비",2006수능,명사,"{기계} 자동차의 단위 연료당 주행 거리의 비율.
¶ 연비가 높아서 효율적인 차 / 이 신형 차에는 연비를 향상시킨 신형 엔진이 탑
재되어 있다."
0552,DAY 19,점화,점화02,點火,"점 점, 불 화",2006수능,명사,"(1) 불을 붙이거나 켬.
¶ 촛불 점화.
(2) 장마 때 방 안의 습기를 말리기 위하여 불을 땜.
(3) {기계} 내연 기관에서 실린더 안의 연료를 폭발시키기 위하여 가스체에 가열 또는 전기
불꽃을 접촉시킴. 또는 그런 일."
0553,DAY 19,연소,연소06,燃燒,"탈 연, 사를 소",2006수능,명사,"{화학} 물질이 산소와 화합할 때에, 많은 빛과 열을 내는 현상. 넓은 뜻으로는 열과 빛을 수
반하지 않는 산화 반응과, 원자로 안에서 진행하는 연쇄 핵분열 반응도 포함한다.
¶ 연료의 연소."
0554,DAY 19,효율,효율,效率,"본받을 효, 비율 율",2006수능,명사,"(1) 들인 노력과 얻은 결과의 비율. ≒ 효과율.
¶ 효율을 떨어뜨리다. / 기술의 발달은 자연 자원 이용의 효율을 높여 주었다.
(2) {물리} 기계의 일한 양과 공급되는 에너지와의 비(比)."
0555,DAY 19,언중,언중03,言衆,"말씀 언, 무리 중",2006수능,명사,"{언어} 같은 언어를 사용하면서 공동생활을 하는 언어 사회 안의 대중(大衆). ≒ 말무리
02."
0556,DAY 19,연마,연마01,硏磨練磨鍊磨,"갈 연, 갈 마, 익힐 련, 갈 마, 불릴 련, 단련할 련, 갈 마",2006수능,명사,"(1) 주로 돌이나 쇠붙이, 보석, 유리 따위의 고체를 갈고 닦아서 표면을 반질반질하게 함.
≒ 마연
02(磨硏)(1).
(2) 학문이나 기술 따위를 힘써 배우고 닦음. ≒ 마연02(2).
¶ 정신의 수양과 심신의 연마 / 기술 연마에 힘쓰다."
0557,DAY 19,환기,환기01,喚起,"부를 환, 일어날 기",2006수능,명사,"주의나 여론, 생각 따위를 불러일으킴.
¶ 의식의 환기 / 당국은 새 정책에 대한 여론의 환기를 위해 대대적인 홍보 행사
를 마련했다."
0558,DAY 19,연대,연대02,連帶,"잇닿을 련, 띠 대",2006수능,명사,"(1) 여럿이 함께 무슨 일을 하거나 함께 책임을 짐.
¶ 연대 서명 / 이 사업은 관련 업체와 연대가 잘 이루어져야만 성공할 수 있다.
(2) 한 덩어리로 서로 연결되어 있음.
¶ 사형수의 그를 대하는 눈길 속에는 피차에 같은 빨간 딱지임을 의식하는, 굳이
연대 의식이랄 것까지는 없겠으나 최소한의 친근감이랄까 하는 것이 스치고 있
었던 것이었다. ≪이호철, 문≫"
0559,DAY 19,능률,능률,能率,"능할 능, 비율 률",2006수능,명사,"일정한 시간에 할 수 있는 일의 비율.
¶ 능률을 올리다. / 능률을 높이다. / 능률이 낮다. / 스트레스가 많이 쌓이면 일
의 능률이 떨어지게 된다."
0560,DAY 19,난관,난관02,難關,어려울 난관계할 관,2006수능,명사,"(1) 일을 하여 나가면서 부딪치는 어려운 고비.
¶ 난관에 봉착하다. / 난관에 부딪치다. / 난관을 극복하다. / 난관을 뚫다. / 난
관을 무릅쓰다. / 그는 어떠한 난관에도 흔들리지 않았다.
(2) 지나기가 어려운 곳.
¶ 이 산을 넘자면 몇 군데 난관을 지나가야 한다."
0561,DAY 19,구속,구속02,拘束,"잡을 구, 묶을 속",2006수능,명사,"(1) 행동이나 의사의 자유를 제한하거나 속박함.
¶ 구속을 받다. / 구속에서 벗어나다. / 구속을 당하다. / 우리는 아무런 구속이
없는 자유로운 분위기에서 일한다.
(2) {공업} 고체의 가로 수축을 제한하면서 세로로 장력을 가하는 일.
(3) {물리} 물체의 운동이 다른 물체나 전자기장에 제한을 받아 어떤 공간에 갇히는 현상.
≒ 속박(2).
(4) {법률} 법원이나 판사가 피의자나 피고인을 강제로 일정한 장소에 잡아 가두는 일.
¶ 이 사건의 주동자는 호되게 몰아붙일 게 뻔했고, 그렇게 되면 세 명 모두 구속
조치가 분명할 것이었다. ≪김원일, 불의 제전≫"
0562,DAY 19,과시,과시07,誇示,"자랑할 과, 보일 시",2006수능,명사,"(1) 자랑하여 보임.
¶ 예술적 재능의 과시 / 민족 역량의 과시.
(2) 사실보다 크게 나타내어 보임."
0563,DAY 19,협약,협약01,協約,"화합할 협, 맺을 약",2006수능,명사,"(1) 협상에 의하여 조약을 맺음. 또는 그 조약.
¶ 협약을 맺다. / 협약을 위반하다.
(2) {법률} 단체와 개인, 또는 단체와 단체 사이에 협정을 체결함. 또는 그 협정. 근로 협약,
단체 협약 따위이다.
(3) {정치} 국가와 국가 사이에 문서를 교환하여 계약을 맺음. 또는 그 계약. 좁은 뜻의 조
약과 성질, 효력이 같다. 주로 문화적 내용의 것이나 입법적인 것에 붙이는 일
이 많다."
0564,DAY 19,매사,매사01,每事,"매양 매, 일 사",2006수능,"Ⅰ, , 명사","하나하나의 모든 일.
¶ 그는 매사에 빈틈이 없다. / 김 선생은 매사를 너무 쉽게 생각한다.
[Ⅱ] [부사]
하나하나의 일마다.
¶ 그 사람 일 처리하는 것이 매사 다 그렇지 뭐. / 매사 적당주의인 아버지라도
형의 광기가 한번 나타나면 속수무책으로 절절맸다. ≪전상국, 침묵의 눈≫"
0565,DAY 19,조롱,조롱03,嘲弄,비웃을 조희롱할 롱,2006수능,명사,"비웃거나 깔보면서 놀림.
¶ 조롱을 당하다 / 조롱을 받다 / 그녀는 손가락을 입에 물고 재미있다는, 조롱
섞인 눈으로 눈웃음을 살살 치고 있다. ≪이제하, 유자약전≫ / 그녀가 끝까지
흑인들의 조롱을 감수할 수밖에 없었던 것은 바로 그들이 쥐어 준 그 돈 때문
이었다. ≪최인호, 지구인≫"
0566,DAY 19,정진,정진07,精進,"정할 정, 나아갈 진",2006수능,명사,"(1) 힘써 나아감.
¶ 예민한 감각과 너그러운 정서는 하루아침에 얻을 수 있는 것이 아니요, 많은 정
진과 도야와 노력을 거쳐서야 비로소 체득되는 것이다.
≪이양하, 이양하 수필선≫
(2) 몸을 깨끗이 하고 마음을 가다듬음.
(3) 고기를 삼가고 채식함.
(4) {불교} 일심(一心)으로 불도를 닦아 게을리하지 않음. ≒ 정진바라밀."
0567,DAY 19,일가,일가02,一家,"한 일, 집 가",2006수능,명사,"(1) 한집에서 사는 가족.
¶ 화목한 일가.
(2) 성(姓)과 본이 같은 겨레붙이.
¶ 일가가 되는 사람 / 고향에서 일가가 찾아오다. / 일가가 다 뿔뿔이 흩어져 살
았다.
(3) 학문, 기술, 예술 등의 분야에서 독자적인 경지나 체계를 이룬 상태.
¶ 문예 비평가로서 일가를 이루다."
0568,DAY 19,수양,수양05,修養,"닦을 수, 기를 양",2006수능,명사,"몸과 마음을 갈고닦아 품성이나 지식, 도덕 따위를 높은 경지로 끌어올림.
¶ 정신 수양 / 인격 수양 / 그는 일이 급기 성사가 된 뒤가 아니면 결코 마음을
놓지 않을 만치 수양을 쌓은 사람이었다. ≪김동인, 젊은 그들≫"
0569,DAY 19,혼동,혼동02,混同,"섞을 혼, 같을 동",2005수능,명사,"(1) 구별하지 못하고 뒤섞어서 생각함.
¶ 잠이 다 깨지 않았는지 그는 현실과 꿈 사이에서 혼동을 일으켰다.
(2) 서로 뒤섞이어 하나가 됨.
(3) {법률} 서로 대립하는 두 개의 법률적 지위가 동일인에게 귀속하는 일. 주로 물권과 채
권이 소멸되는 원인이 된다."
0570,DAY 19,변천,변천03,變遷,"변할 변, 옮길 천",2005수능,명사,"세월의 흐름에 따라 바뀌고 변함. ≒ 변이
03(變移)·전천
04(轉遷)·화천
02(化遷).
¶ 시대의 변천 / 문화의 변천 / 대외 관계의 변천 / 자동차 박람회의 특별 행사에
서 자동차의 변천 과정을 보여 주었다. / 이번 전시회에서는 의복의 변천을 한
눈에 볼 수 있다."
0571,DAY 20,급등,급등,急騰,"급할 급, 오를 등",2005수능,명사,"물가나 시세 따위가 갑자기 오름.
¶ 주가의 급등 / 원유 가격 급등에 따른 석유 파동이 예상된다."
0572,DAY 20,고뇌,고뇌,苦惱,"쓸 고, 번뇌할 뇌",2005수능,명사,"괴로워하고 번뇌함. ≒ 고환
03(苦患)·뇌고
02(惱苦).
¶ 고뇌 속에서 보낸 세월 / 고뇌에 빠져들다. / 고뇌에서 벗어나다. / 그의 인생
고뇌는 그만큼 컸던 것이다. 그는 그 뉘우침과 고뇌를 술로 달랬다.
≪한무숙, 만남≫"
0573,DAY 20,육필,육필,肉筆,"고기 육, 붓 필",2005수능,명사,"손으로 직접 쓴 글씨. ≒ 정필01(正筆)(3).
¶ 육필 수기 / 육필로 편지를 쓰다."
0574,DAY 20,통시적,통시적,通時的,"통할, 통, 때 시어조사, 적",2005수능,"관형사, , 명사","어떤 시기를 종적으로 바라보는. 또는 그런 것.
¶ 통시적 연구 / 서울의 모교에서 강의를 맡게 된 박상훈 교수는 아직 미정립 단
계에 있던 국문학 고전의 통시적 체계 작성의 연구에 열중하고 있었다. ≪이원
규, 훈장과 굴레≫ / 통시적으로 고찰하다."
0575,DAY 20,계보,계보01,系譜,"맬 계, 족보 보",2005수능,명사,"(1) 조상 때부터 내려오는 혈통과 집안의 역사를 적은 책. ≒ 내림족보.
¶ 제삿날이면 아버지와 나는 김씨 계보를 차근차근 살펴본다.
(2) 혈연관계나 학풍, 사조(思潮) 따위가 계승되어 온 연속성.
¶ 사상의 계보 / 계보를 잇다. / 현진건은 사실주의 계보에 속하는 소설가이다. /
이 그림은 자연주의의 계보를 이은 작품이다. / 면면한 그들 계보 속에는 왕족
의 피가 흐르고 있었으며…. ≪박경리, 토지≫"
0576,DAY 20,전승,전승02,傳承,"전할 전, 이을 승",2005수능,명사,"문화, 풍속, 제도 따위를 이어받아 계승함. 또는 그것을 물려주어 잇게 함.
¶ 민간 전승 / 전승 민요 / 전승 과정 / 전승이 끊어지고 탈들이 없어진 것을 새
로 발굴하고 고증하여 놀고 있는 것이라 했다. ≪윤후명, 별보다 멀리≫"
0577,DAY 20,이면,이면01,裏面,"속 이, 낯 면",2005수능,명사,"(1) 물체의 뒤쪽 면.
¶ 수표 이면에 전화번호와 이름을 적어 주세요. / 형식이 얼른 그 넥타이의 이면
을 뒤집어 보았다. ≪이병주, 행복어 사전≫
(2) 겉으로 나타나거나 눈에 보이지 않는 부분. ≒ 내리
03(2).
¶ 감정의 이면 / 한국 정치사의 이면 / 그 이면에는 어떤 계산이 도사리고 있을
까? / 그의 나약한 이면에는 섬뜩한 독기가 있었다."
0578,DAY 20,비감하다,비감하다,悲感,"하다, 슬플, 비, 느낄, 감",2005수능,형용사,"슬픈 느낌이 있다.
¶ 비감한 심사 / 비감한 표정 / 이미 죽음을 각오한 장군이었다. 비감한 눈물은
옷깃을 적시었으나 마음은 탄탄대로로 평안하고 태평했다. ≪박종화, 임진왜란
≫ / 오늘 아침의 엄마는 전체적으로 허풍선이처럼 속없이 무력해 뵈는 게 나
를 비감하게 했다. ≪박완서, 도시의 흉년≫"
0579,DAY 20,자질,자질03,資質,"재물 자, 바탕 질",2005수능,명사,"(1) 타고난 성품이나 소질.
¶ 아버지의 자질을 이어받다. / 이 아이는 장차 남을 거느릴 수 있는 자질이 엿보
인다. / 그는 자질이 침착하며 지략이 있었다.
(2) 어떤 분야의 일에 대한 능력이나 실력의 정도.
¶ 과학자로서의 자질 / 자질이 향상되다. / 자질이 뛰어나다. / 교사의 자질을 높
이다. / 학문적 자질이 부족하다. / 우리는 정치에 능동적으로 참여하는 민주
시민의 자질을 갖추어야 한다.
(3) 타고난 체질.
¶ 허약한 자질."
0580,DAY 20,귀속,귀속02,歸屬,"돌아갈 귀, 무리 속",2005수능,명사,"(1) 재산이나 영토, 권리 따위가 특정 주체에 붙거나 딸림.
¶ 그나마도 지금까지 조선 정부가 간도 귀속 문제로 싸워 내려온 내력을 알고 있
는 사람들은 더욱 분개했다. ≪안수길, 북간도≫
(2) 어떤 개인이 특정 단체의 소속이 됨."
0581,DAY 20,착수,착수03,着手,"붙을 착, 손 수",2005수능,명사,"(1) 어떤 일에 손을 댐. 또는 어떤 일을 시작함. ≒ 하수
02(1).
¶ 작업 착수.
(2) {법률} 형법에서, 범죄 실행의 개시를 이르는 말. 이것에 의하여 범죄의 법률적 구성 요
건이 일부분 실현된다. 살인범이 사람을 죽이려고 칼을 드는 행위 따위를 이른
다.
(3) {운동} 바둑에서, 바둑돌을 바둑판에 번갈아 한 수씩 두는 일."
0582,DAY 20,배합,배합,配合,"나눌 배, 합할 합",2005수능,명사,"(1) 이것저것을 일정한 비율로 한데 섞어 합침.
¶ 배합 비율 / 색의 배합 / 떡은 가루와 물의 배합이 맞아야 잘 익는다.
(2) 부부의 인연을 맺음.
¶ 사람들은 두 사람의 배합을 아주 부러워했다."
0583,DAY 20,혜안,혜안,慧眼,"슬기로울, 혜, 눈 안",2005수능,명사,"(1) 사물을 꿰뚫어 보는 안목과 식견.
¶ 아마도 형은 앞날을 내다볼 줄 아는 혜안을 갖고 있었던 것 같았다. / 어딘가
황제의 언행에 허황됨이 있어도 그를 알아본 자신의 혜안에 대한 스스로의 찬
탄이었다. ≪이문열, 황제를 위하여≫
(2) {불교} 오안의 하나. 우주의 진리를 밝게 보는 눈이다. 모든 현상에 대한 집착을 버리고,
차별의 현상계를 보지 않는 지혜이다."
0584,DAY 20,함의,함의,含意,"머금을 함, 뜻 의",2005수능,명사,"(1) 말이나 글 속에 어떠한 뜻이 들어 있음. 또는 그 뜻.
¶ 글 속에 숨겨져 있는 함의를 파악하다.
(2) {논리} 명제 상호 간에 존재하는 관계의 하나. 명제 P가 참이면 반드시 명제 Q도 참이
되는 경우에 P가 Q에 대하여 가지는 관계이다."
0585,DAY 20,담보,담보03,擔保,"멜 담, 지킬 보",2005수능,명사,"(1) 맡아서 보증함.
(2) {법률} 민법에서, 채무 불이행 때 채무의 변제를 확보하는 수단으로 채권자에게 제공하
는 것. 유치권, 질권, 저당권 따위의 물적 담보와 보증 채무, 연대 채무 따위의
인적 담보가 있다.
¶ 담보로 잡히다. / 담보를 넣다. / 담보를 설정하다. / 집을 담보로 은행에서 대
출을 받았다."
0586,DAY 20,선점,선점01,先占,"먼저 선, 점령할 점",2005수능,명사,"남보다 앞서서 차지함.
¶ 제조업체 간에 시장 선점을 위한 경쟁이 치열해지고 있다."
0587,DAY 20,표명,표명,表明,"겉 표, 밝을 명",2005수능,명사,"의사나 태도를 분명하게 드러냄. ‘밝힘’으로 순화.
¶ 사의 표명을 거듭하다."
0588,DAY 20,고등,고등02,高等,"높을 고, 무리 등",2005수능,명사,"(주로 명사 앞에 쓰여) 등급이나 수준, 정도 따위가 높음. 또는 그런 정도.
¶ 고등 지식 / 고등 기술."
0589,DAY 20,고증,고증,考證,"생각할 고, 증거 증",2005수능,명사,"예전에 있던 사물들의 시대, 가치, 내용 따위를 옛 문헌이나 물건에 기초하여 증거를 세워
이론적으로 밝힘.
¶ 왕궁이 철저한 문헌의 고증을 통해 복원되었다. / 역사학자의 고증에 의하면 중
세 때부터 서구 사회에서는 좌측통행을 지켰다고 한다."
0590,DAY 20,격차,격차02,隔差,"사이 뜰, 격, 다를 차",2005수능,명사,"빈부, 임금, 기술 수준 따위가 서로 벌어져 다른 정도.
¶ 소득 격차 / 빈부 격차 / 생활 수준의 격차 / 격차를 줄이다. / 격차가 벌어지
다. / 격차가 심하다. / 격차가 크다. / 격차가 좁혀지다. / 격차를 해소하다. /
통신과 정보 수단의 발달은 지역 간의 격차를 줄였다. / 합격자의 수준이 계열
과 학과에 따라 큰 격차를 보이고 있다."
0591,DAY 20,집필,집필,執筆,"잡을 집, 붓 필",2005수능,명사,"(1) 붓을 잡는다는 뜻으로, 직접 글을 쓰는 것을 이르는 말.
¶ 집필 원고 / 집필을 의뢰하다. / 집필을 시작하다. / 출판사에서 새 소설의 집필
을 권유했다.
(2) 땅문서나 집문서 따위를 쓴 사람."
0592,DAY 20,공익,공익01,公益,"공평할 공, 더할 익",2005수능,명사,"사회 전체의 이익.
¶ 헌법은 국민의 기본권을 보장하면서도 공익을 위해서는 기본권을 제한하기도 한
다."
0593,DAY 20,맹목적,맹목적,盲目的,"눈 멀, 맹, 눈 목, 어조사, 적",2005수능,"관형사, , 명사","주관이나 원칙이 없이 덮어놓고 행동하는. 또는 그런 것.
¶ 맹목적 사랑 / 애초에 그런 식의 행사를 마련한 의도와는 반대로 쓸데없이 무기
력한 패배주의나 맹목적 배타주의의 성향 같은 걸 이 땅에 만연시키게 될 염려
도 있는 거고……. ≪이청준, 춤추는 사제≫"
0594,DAY 20,촉구,촉구,促求,"재촉할 촉, 구할 구",2005수능,명사,"급하게 재촉하여 요구함.
¶ 상욱이 원장에게 가한 추궁은 모두가 그대로 황 장로에 대한 아픈 각성의 촉구
였던 셈이기도 했다. ≪이청준, 당신들의 천국≫ / 수입 자유화 촉구의 예로 파
키스탄의 카라치에서는 수입 농축 원료로 만들어진 다음의 음료수들을 살 수
있다. ≪황석영, 무기의 그늘≫"
0595,DAY 20,부처,부처04,部處,"떼 부, 곳 처",2005수능,명사,"정부 조직의 부와 처를 아울러 이르는 말.
¶ 관계 부처 장관 / 정부 각 부처."
0596,DAY 20,실태,실태02,實態,"열매 실, 모습 태",2005수능,명사,"있는 그대로의 상태. 또는 실제의 모양.
¶ 실태 보고 / 실태 조사 / 실태를 파악하다. / 문화 유적 훼손 실태 / 이번에는
돌이켜서, 우리 언어생활의 실태를 살펴보기로 하자. ≪이희승, 소경의 잠꼬대
≫"
0597,DAY 20,척결,척결,剔抉,"뼈 바를, 척, 도려낼 결",2005수능,명사,"(1) 살을 도려내고 뼈를 발라냄. ≒ 결척(1).
(2) 나쁜 부분이나 요소들을 깨끗이 없애 버림. ≒ 결척(2).
¶ 비리의 척결 / 부정부패 척결."
0598,DAY 20,원초적,원초적,原初的,"근원 원, 처음 초, 어조사 적",2005수능,"관형사, , 명사","일이나 현상이 비롯하는 맨 처음이 되는. 또는 그런 것.
¶ 원초적 욕구 / 인류 문명사에서 등장한 대부분의 종교의 원초적 형태는 다신교
이다. / 원초적인 문제 / 사람이 함께 모여 식사를 한다는 것은 사랑을 교환하
는 가장 원초적인 형태라는 것이다. ≪이어령, 흙 속에 저 바람 속에≫"
0599,DAY 20,방종,방종01,放縱,"놓을 방, 세로 종",2005수능,명사,"제멋대로 행동하여 거리낌이 없음.
¶ 책임과 의무가 따르지 않는 자유는 자칫 방종에 빠지기 쉽다. / 귀관들은 물론
젊은 혈기로써 자신도 모르는 사이에 그런 방종에 휩쓸릴 수가 있을 것이다.
≪홍성원, 육이오≫"
0600,DAY 20,굴복,굴복02,屈服,"굽을 굴, 옷 복",2005수능,명사,"힘이 모자라서 복종함. ≒ 굴복
01(屈伏)(2).
¶ 옳지 못한 일을 하시거든 다만 굴복만 하지 말고 정당하게 마주 대들어서 싸웠
다면…. ≪이기영, 고향≫"
0601,DAY 21,허황하다,허황하다,虛荒,"하다 빌 허, 거칠 황",2005수능,형용사,"헛되고 황당하며 미덥지 못하다. ≒ 허황되다.
¶ 허황한 희망 / 허황한 소문 / 허황한 꿈 / 허황하기 이를 데 없는 소문 / 나는
지금까지의 그 허황하고 거짓되고 기만에 찼던 내 생활을 매우 많이 반성하였
다. ≪김성일, 무차원 근처≫"
0602,DAY 21,식별,식별,識別,"알 식, 나눌 별",2005수능,명사,"(1) 분별하여 알아봄.
¶ 식별 능력을 지니다. / 달빛이 제법 밝아서 저수지의 한끝에서 다른 한끝까지
흐릿하게나마 식별이 가능할 정도였다. ≪윤흥길, 완장≫
(2) {군사} 방공 및 대잠수함전에서 탐지된 물체가 적인지의 여부를 결정함. 또는 그런 일."
0603,DAY 21,진화,진화05,進化,"나아갈 진, 될 화",2005수능,명사,"(1) 일이나 사물 따위가 점점 발달하여 감.
¶ 오늘날 우리가 쓰는 달력은 오랜 진화를 거친 것이다.
(2) {생물} 생물이 생명의 기원 이후부터 점진적으로 변해 가는 현상.
¶ 진화 경로 / 진화 경향 / 진화를 겪다. / 생물체의 진화 과정을 규명하다."
0604,DAY 21,원천,원천02,源泉,"근원 원, 샘 천",2004수능,명사,"(1) 물이 흘러나오는 근원.
¶ 한강의 원천.
(2) 사물의 근원.
¶ 그들은 가늠할 수 없을 만큼 덩치 큰 지리산을 단순히 끝없는 생활의 원천으로
만 생각한 것은 아니었다. ≪문순태, 피아골≫"
0605,DAY 21,총체,총체02,總體,"다 총, 몸 체",2004수능,명사,"있는 것들을 모두 하나로 합친 전부 또는 전체.
¶ 작품은 작가의 신념과 가치관의 총체라 할 수 있다."
0606,DAY 21,확립,확립,確立,"굳을 확, 설 립",2004수능,명사,"견해, 조직 따위가 굳게 섬. 또는 그렇게 함.
¶ 질서 확립 / 기강 확립을 강조하다 / 새 왕조는 통치 체제의 확립에 주안점을
두었다."
0607,DAY 21,종용,종용02,慫慂,"권할 종, 권할 용",2004수능,명사,"잘 설득하고 달래어 권함.
¶ 관옥이 결사적으로 거절하자, 주인은 종용을 포기하고 그녀에게 딴 일거리를 마
련해 준 것이었다. ≪홍성원, 육이오≫"
0608,DAY 21,합병,합병02,合倂,"합할 합, 아우를 병",2004수능,명사,"둘 이상의 기구나 단체, 나라 따위가 하나로 합쳐짐. 또는 그렇게 만듦. ≒ 병합(倂合)."
0609,DAY 21,함축,함축,含蓄,"머금을 함, 모을 축",2004수능,명사,"(1) 겉으로 드러내지 아니하고 속에 간직함.
(2) 말이나 글이 많은 뜻을 담고 있음.
¶ 그는 그 문제에 대해서 묘한 함축을 남긴 채 결코 단언하지 않았다. / 소문난
집안의 아들이란 말은 좋게도 나쁘게도 해석할 수 있는 함축을 가졌다.
≪이병주, 지리산≫
(3) {문학} 표현의 의미를 한 가지로 나타내지 아니하고 문맥을 통하여 여러 가지 뜻을 암시
하거나 내포하는 일."
0610,DAY 21,격리,격리,隔離,"사이 뜰, 격, 떠날 리",2004수능,명사,"(1) 다른 것과 통하지 못하게 사이를 막거나 떼어 놓음.
¶ 인생의 패배자인 데다가 사회로부터 격리까지 당하여 오랫동안 수용되어 있는
동안에 모든 감정이 말라붙어 버린 것이다. ≪황석영, 어둠의 자식들≫
(2) 전염병 환자나 면역성이 없는 환자를 다른 곳으로 떼어 놓음.
¶ 격리 수용 / 농민들이 전염이 무엇인지를 압니까, 격리가 무엇인지를 압니까.
≪이광수, 흙≫
(3) {생물} 지리적, 생태적, 유전적, 형태적 요인 따위로 같은 종의 생물 개체 사이에 교배가
일어나지 않게 되는 현상."
0611,DAY 21,향수,향수05,鄕愁,"시골 향, 근심 수",2004수능,명사,"고향을 그리워하는 마음이나 시름.
¶ 어린 시절에 대한 향수 / 향수 어린 고향 들녘 / 향수를 불러일으키다. / 향수
에 잠기다. / 향수에 젖다. / 향수를 달래다. / 풀벌레의 울음소리가 새삼 향수
를 일깨웠다."
0612,DAY 21,동경,동경08,憧憬,동경할 동깨달을 경,2004수능,명사,"(1) 어떤 것을 간절히 그리워하여 그것만을 생각함.
¶ 동경의 대상 / 이상향에 대한 동경.
(2) 마음이 스스로 들떠서 안정되지 아니함."
0613,DAY 21,황폐,황폐02,荒廢,"거칠 황, 폐할 폐",2004수능,명사,"(1) 집, 토지, 삼림 따위가 거칠어져 못 쓰게 됨.
¶ 무분별한 개발로 농촌의 황폐가 극심한 지경에 이르다.
(2) 정신이나 생활 따위가 거칠어지고 메말라 감.
¶ 언어의 황폐 / 현대는 물질 만능주의의 만연으로 정신의 황폐가 치유하기 힘들
정도로 심각하다."
0614,DAY 21,부양,부양01,扶養,"도울 부, 기를 양",2004수능,명사,"생활 능력이 없는 사람의 생활을 돌봄.
¶ 부양 능력 / 부양을 받다. / 그에게는 어느새 그에게밖에 부양을 기대할 수 없
는 늙은 부모와 어린 동생들이 기다리고 있었다. ≪이문열, 사람의 아들≫"
0615,DAY 21,운용,운용,運用,"옮길 운, 쓸 용",2004수능,명사,"무엇을 움직이게 하거나 부리어 씀.
¶ 자본의 운용 / 법의 운용을 멋대로 하다. / 혼란기에 행정이나 사법 제도 운용
에 경험이 있고 경륜을 쌓은 사람들이 새 정부를 떠맡은 건 당연한 논리입니
다. ≪최일남, 거룩한 응달≫ / 사실 법의 공평성이라는 것도 국외자의 입장에
서는 매우 간단명료해 보이지만, 실제 운용에 들어서는 정작 간단치는 않고 미
세한 문제들이 있는 겁니다. ≪이호철, 문≫"
0616,DAY 21,가중,가중01,加重,"더할 가, 무거울 중",2004수능,명사,"(1) 책임이나 부담 따위를 더 무겁게 함.
(2) {법률} 여러 번 죄를 저지르거나 같은 죄를 거듭하여 저지를 때, 형벌을 더 무겁게 하는
일."
0617,DAY 21,제고,제고03,提高,"끌 제, 높을 고",2004수능,명사,"쳐들어 높임.
¶ 생산성의 제고 / 능률의 제고 / 이미지 제고 / 월동 준비는 전력의 유지와 그
제고를 위해서 긴급히 요청되고 있는 과제요. ≪이병주, 지리산≫"
0618,DAY 21,추종,추종01,追從,"쫓을 추, 좇을 종",2004수능,명사,"(1) 남의 뒤를 따라서 좇음. ≒ 축종
02(逐從).
¶ 그는 컴퓨터 분야에서는 타의 추종을 불허한다.
(2) 권력이나 권세를 가진 사람이나 자신이 동의하는 학설 따위를 별 판단 없이 믿고 따름.
¶ 추종 세력 / 주어진 법률에 유유낙낙 추종만 하고 있는 형편에선 변호사가 할
일이란 거의 없는 거나 마찬가지죠. ≪이병주, 행복어 사전≫"
0619,DAY 21,완곡하다,완곡하다01,婉曲,"하다, 순할, 완, 굽을, 곡",2004수능,형용사,"말하는 투가, 듣는 사람의 감정이 상하지 않도록 모나지 않고 부드럽다.
¶ 완곡한 표현 / 완곡하게 거절하다. / 가끔 만나는 사람들끼리 모이면 자주 그렇
듯이 은근히 돈과 출세와 아들 자랑을 완곡하게 늘어놓으며….
≪안정효, 하얀 전쟁≫"
0620,DAY 21,선동,선동04,煽動,"부채질할, 선, 움직일 동",2004수능,명사,"남을 부추겨 어떤 일이나 행동에 나서도록 함. ≒ 유동
05(誘動).
¶ 과격한 선동 / 정치적 선동."
0621,DAY 21,배후,배후02,背後,"등 배, 뒤 후",2004수능,명사,"(1) 등의 뒤.
¶ 배후에서 갑자기 나타나 어깨를 치는 바람에 깜짝 놀랐다.
(2) 어떤 대상이나 대오의 뒤쪽.
¶ 배후를 공격하다. / 배후를 지키다. / 그들이 공황 속에 빠진 이유는 늘 앞쪽에
서 날아오던 포탄이 갑자기 그들의 배후에서 날아왔기 때문이었다.
≪홍성원, 육이오≫
(3) 어떤 일의 드러나지 않은 이면.
¶ 배후 세력 / 배후 인물 / 배후를 가리다. / 배후로 지목되다. / 사건의 배후를
밝히다. / 배후에서 조종하다. / 이 사건의 배후에는 커다란 음모가 숨어 있다."
0622,DAY 21,집결,집결,集結,"모을 집, 맺을 결",2004수능,명사,"한군데로 모이거나 모여 뭉침. 또는 한군데로 모으거나 모아 뭉치게 함.
¶ 집결 장소 / 집결 지점 / 근동의 헌병들이 영산포에 집결을 하였다 하나 그 수
가 고작 쉰 명 남짓이라니 그리 두려울 것도 없지 않소. ≪문순태, 타오르는 강
≫"
0623,DAY 21,융성,융성,隆盛,"높을 륭, 성할 성",2003수능,명사,"기운차게 일어나거나 대단히 번성함. ≒ 융창·흥성
02(興盛).
¶ 역사학의 융성 / 국가의 융성과 멸망."
0624,DAY 21,부연,부연04,敷衍敷演,"펼 부, 넓을 연, 펼 부, 펼 연",2003수능,명사,"(1) 이해하기 쉽도록 설명을 덧붙여 자세히 말함.
¶ 부연 설명.
(2) 늘려서 널리 폄."
0625,DAY 21,감화,감화01,感化,"느낄 감, 될 화",2003수능,명사,"좋은 영향을 받아 생각이나 감정이 바람직하게 변화함. 또는 그렇게 변하게 함. ≒ 염화
(染化)(1) ·화감(化感).
¶ 감화를 주다. / 나는 어린 시절 위인들에게 많은 감화를 받았다. / 이가환이 비
록 영세를 받지 않았으나, 일찍부터 이덕조의 감화를 입어 교리를 연구했고….
≪서기원, 조선백자 마리아상≫"
0626,DAY 21,포용,포용,包容,"쌀 포, 얼굴 용",2003수능,명사,"남을 너그럽게 감싸 주거나 받아들임. ‘감쌈’, ‘덮어 줌’으로 순화.
¶ 포용의 폭이 넓다. / 그는 이들에게 조심스럽게 접근하여 이해와 포용을 보임으
로써 마을의 평화와 안정을 위협하는 요소를 희박하게 해 나갈 생각이었다.
≪이원규, 훈장과 굴레≫"
0627,DAY 21,반감,반감01,反感,"돌아올 반, 느낄 감",2003수능,명사,"반대하거나 반항하는 감정.
¶ 관료주의에 대한 반감 / 반감을 가지다. / 상대를 너무 비방하면 반감을 산다. /
그들이 반감을 품지 않도록 말을 조심해라."
0628,DAY 21,내막,내막01,內幕,"안 내, 장막 막",2003수능,명사,"겉으로 드러나지 아니한 일의 속 내용. ‘속사정’으로 순화.
¶ 사건의 내막 / 자세한 내막을 캐내다. / 고리대금업으로 축재를 하는 중도가 그
런 장기 사업에 투자한다는 것이 처음부터 의아한 점이었고, 또 그런 내막을
아는 사람은 다 알고 있었다. ≪조정래, 태백산맥≫"
0629,DAY 21,장황하다,장황하다01,張皇,"하다, 베풀, 장, 임금, 황",2003수능,형용사,"매우 길고 번거롭다.
¶ 설명이 장황하다. / 그 사람의 연설은 너무 장황하여 앞뒤를 종잡을 수가 없었
다. / 네 말이 너무 장황하니 사람들이 모두 지겨워하는 것이다. / 그는 이미
다 아는 이야기를 장황하게 늘어놓았다. / 편지로 쓰기에는 매우 장황하여, 만
나서 이야기를 하려고 하니…. ≪채만식, 소년은 자란다≫"
0630,DAY 21,월권,월권,越權,"넘을 월, 권세 권",2003수능,명사,"자기 권한 밖의 일에 관여함.
¶ 왜 귀국의 인사 정책에까지 일본 공사가 참견을 해야 했는지 모를 일입니다. 그
것은 지나친 월권인 동시에 귀국으로서도 참을 수 없는 모욕입니다.
≪유주현, 대한 제국≫"
0631,DAY 22,경륜,경륜02,經綸,"지날 경, 벼리 륜",2003수능,명사,"(1) 일정한 포부를 가지고 일을 조직적으로 계획함. 또는 그 계획이나 포부. ≒ 영륜(1).
¶ 높은 경륜의 소유자 / 경륜이 있는 사람 / 경륜을 쌓다. / 경륜을 품다. / 그의
말은 모두 오랜 인생 경륜에서 우러나오는 것이다.
(2) 천하를 다스림. ≒ 영륜(2).
¶ 천하 경륜을 논할 때는 그의 눈도 삼국정립을 예언하던 공명(孔明)의 혜안처럼
빛났다고 한다. ≪이문열, 황제를 위하여≫"
0632,DAY 22,왜곡,왜곡01,歪曲,"기울 왜, 굽을 곡",2003수능,명사,"사실과 다르게 해석하거나 그릇되게 함.
¶ 역사 왜곡 / 왜곡 보도 / 왜곡을 바로잡다. / 화해와 단결? 그것을 위해서라면
나 선생은 그럼 사실의 왜곡도 무방하다는 겁니까? ≪이청준, 춤추는 사제≫ /
세상의 어떤 신화, 어떤 전설도 과장과 왜곡은 있기 마련이다.
≪이문열, 황제를 위하여≫"
0633,DAY 22,은폐,은폐02,隱蔽,"숨을 은, 덮을 폐",2003수능,명사,"(1) 덮어 감추거나 가리어 숨김.
(2) {군사} 적에게 관측되지 아니하도록 주변의 지형지물을 이용하여 인원이나 장비, 시설
따위를 숨기는 일."
0634,DAY 22,교섭,교섭,交涉,"사귈 교, 건널 섭",2003수능,명사,"어떤 일을 이루기 위하여 서로 의논하고 절충함.
¶ 교섭이 결렬되다 / 파업 직전에 노사 교섭이 타결되었다. / 소작인들은 금년 봄
부터 소작료를 4할로 내리라고 중간에 사람을 넣어 여러 차례 교섭을 벌였으
나, 지주는 그때마다 콧등만 퉁기고 있었다. ≪송기숙, 암태도≫"
0635,DAY 22,촉발,촉발02,觸發,"닿을 촉, 필 발",2003수능,명사,"(1) 어떤 일을 당하여 감정, 충동 따위가 일어남. 또는 그렇게 되게 함.
¶ 위기 촉발 / 우리가 일상 수없이 접하고 있는 사물들은 이미 상식처럼 익혀져
서, 있어도 없는 것과 같이 어떠한 생각의 촉발도 일으킬 수 없는 대신….
≪유치환, 나는 고독하지 않다≫
(2) 닿거나 부딪쳐 폭발함. 또는 그렇게 폭발시킴.
¶ 촉발 장치."
0636,DAY 22,거론,거론,擧論,"들 거, 논할 론",2003수능,명사,"어떤 사항을 논제로 삼아 제기하거나 논의함.
¶ 이것은 더 이상 거론의 여지가 없는 문제이다."
0637,DAY 22,기피,기피01,忌避,"꺼릴 기, 피할 피",2003수능,명사,"(1) 꺼리거나 싫어하여 피함. ≒ 위피01(違避).
¶ 책임 기피 / 젊은 여성들의 농촌 생활 기피로 많은 농촌 청년들이 적령기에 결
혼을 하지 못하는 사태가 벌어지고 있다.
(2) {법률} 법관, 법원 직원 따위가 한쪽 소송 관계인과 특수한 관계에 있거나 어떠한 사정
으로 불공평한 재판을 할 염려가 있다고 여겨질 때 다른 쪽 소송 당사자가 그
법관이나 직원의 직무 집행을 거부하는 일. ≒ 법관기피."
0638,DAY 22,부조리,부조리,不條理,"아닐 부, 가지 조, 다스릴 이",2003수능,명사,"(1) 이치에 맞지 아니하거나 도리에 어긋남. 또는 그런 일.
¶ 조직의 부조리 / 사회의 모든 부조리를 추방하다
(2) ‘부정행위01’를 완곡하게 이르는 말.
(3) {철학} 인생에서 그 의의를 발견할 가망이 없음을 이르는 말. 인간과 세계, 인생의 의의
와 현대 생활과의 불합리한 관계를 나타내는 실존주의적 용어로, 특히 프랑스의
작가 카뮈의 부조리 철학으로 널리 알려졌다."
0639,DAY 22,모색,모색03,摸索,"본뜰 모, 찾을 색",2003수능,명사,"일이나 사건 따위를 해결할 수 있는 방법이나 실마리를 더듬어 찾음.
¶ 해결 방안의 모색 / 진정한 공동체를 향한 새롭고 진지한 모색을 바로 지금부터
시작해야 합니다. / 서로 속을 엿보려는 듯한 시기와 의혹과 모색의 빛이 덕기
에게까지 전염되어 오는 것을…. ≪염상섭, 삼대≫"
0640,DAY 22,인습적,인습적,因襲的,"인할 인, 엄습할 습, 어조사 적",2003수능,"관형사, , 명사","예전의 풍습, 습관, 예절 따위를 그대로 따르는. 또는 그런 것.
¶ 인습적 남녀 관계 / 인습적인 절차."
0641,DAY 22,순응,순응01,順應,"순할 순, 응할 응",2003수능,명사,"(1) 환경이나 변화에 적응하여 익숙하여지거나 체계, 명령 따위에 적응하여 따름.
¶ 곽 씨와 마주치면 그의 너무나도 당연한 고자세에 번번이 순응을 하고는 하였다.
≪이호철, 소시민≫
(2) {생물} 생물체의 기능, 성질, 상태가 주어진 외부 조건의 지속적인 변화에 적응할 수 있
도록 감각 작용이 변화하는 일. 눈의 명암 순응 따위가 있다.
(3) {심리} 환경의 변화에 따라 유기체의 형태, 구조, 기능이 환경 조건에 가장 알맞은 상태
로 변하는 현상."
0642,DAY 22,편협,편협,偏狹褊狹,"치우칠 편, 좁을 협, 좁을 편, 좁을 협",2003수능,명사,"(1) 한쪽으로 치우쳐 도량이 좁고 너그럽지 못함.
¶ 편협에 빠지다. / 사고의 편협에서 벗어나다.
(2) 땅 따위가 좁음."
0643,DAY 22,관습,관습,慣習,"익숙할 관, 익힐 습",2003수능,명사,"어떤 사회에서 오랫동안 지켜 내려와 그 사회 성원들이 널리 인정하는 질서나 풍습.
¶ 오랜 관습 / 관습과 전통 / 관습을 따르다. / 다른 사람을 기다리게 한다는 것
은 우리의 고래의 관습으로 보아 크게 예를 잃는 것이라 할 수 있다.
≪이양하, 이양하 수필선≫"
0644,DAY 22,희롱,희롱,戲弄,"놀이 희, 희롱할 롱",2003수능,명사,"(1) 말이나 행동으로 실없이 놀림.
¶ 동네 불량배들이 길을 가는 여자에게 희롱을 걸고 있다.
(2) 손아귀에 넣고 제멋대로 가지고 놂.
¶ 기생의 희롱에 놀아나는 선비 / 사기꾼에게 희롱을 당하다.
(3) 서로 즐기며 놀리거나 놂.
(4) 악기 따위를 능숙하게 다루는 것을 예스럽게 이르는 말."
0645,DAY 22,반향,반향01,反響,"돌아올 반, 울릴 향",2003수능,명사,"(1) 어떤 사건이나 발표 따위가 세상에 영향을 미치어 일어나는 반응.
¶ 반향을 불러일으키다.
(2) {물리} 소리가 어떤 장애물에 부딪쳐서 반사하여 다시 들리는 현상."
0646,DAY 22,재현,재현02,再現,"두 재, 나타날 현",2003수능,명사,"(1) 다시 나타남. 또는 다시 나타냄.
¶ 즉 20세기에 들어와서 미술은 재현, 즉 모방을 버리고 표현을 주장하기에 이르
렀다는 것이오. ≪장용학, 위사가 보이는 풍경≫
(2) {심리} 이미 경험하거나 학습한 정보를 다시 기억해 내는 일."
0647,DAY 22,매개,매개03,媒介,"중매 매, 낄 개",2003수능,명사,"(1) 둘 사이에서 양편의 관계를 맺어 줌.
¶ 문학은 우리 두 사람 사이를 이어 주는 매개의 역할을 하고 있다. / 말라리아는
모기를 매개로 하여 전염된다. / 나는 친구를 매개로 그녀와 외견상으로는 급
속하게 가까워지고 있었으나…. ≪윤후명, 별보다 멀리≫
(2) {논리} 서로 떨어져 있는 두 명사 사이에서 두 명사의 관계를 맺어 주는 중간 항의 명
사를 부여하는 작용.
(3) {철학} 헤겔의 변증법에서, 어떤 사물이 존재할 조건이 되는 일. 모든 사물이 따로 독립
하여 존재하는 것이 아니고 타자(他者)와의 관계 속에서 존재한다고 보았다."
0648,DAY 22,척도,척도,尺度,"자 척, 법도 도",2003수능,명사,"(1) 자로 재는 길이의 표준.
(2) 평가하거나 측정할 때 의거할 기준. ≒ 도척
03(度尺).
¶ 미의 척도 / 돈을 가치의 척도로 삼다."
0649,DAY 22,결합,결합,結合,"맺을 결, 합할 합",2003수능,명사,"둘 이상의 사물이나 사람이 서로 관계를 맺어 하나가 됨.
¶ 물은 산소와 수소의 결합으로 이루어진다. / 견고한 매듭이 있어야 한다. 그것이
없는 부부란 그저 나란히 있는 것이지 결합은 아니다. ≪박경수, 동토≫"
0650,DAY 22,현존,현존,現存,"나타날 현, 있을 존",2003수능,명사,"(1) 현재 살아 있음.
¶ 현존 인물 / 사변 후론 한 푼 나오는 것이 없으니까 내게 무슨 현존이 있겠는
가. ≪염상섭, 동기≫
(2) 현재에 있음.
¶ 현존 작품 / 대외 원조 계획은…현존의 정부를 강하게 유지하기 위한 모험 등의
계획도 포함하고 있다. ≪황석영, 무기의 그늘≫"
0651,DAY 22,변천,변천03,變遷,"변할 변, 옮길 천",2003수능,명사,"세월의 흐름에 따라 바뀌고 변함. ≒ 변이
03(變移)·전천
04(轉遷)·화천
02(化遷).
¶ 시대의 변천 / 문화의 변천 / 대외 관계의 변천 / 자동차 박람회의 특별 행사에
서 자동차의 변천 과정을 보여 주었다. / 이번 전시회에서는 의복의 변천을 한
눈에 볼 수 있다."
0652,DAY 22,통념,통념01,通念,"통할 통, 생각 념",2003수능,명사,"일반적으로 널리 통하는 개념.
¶ 사회적 통념을 깨다. / 가족에 대해 남다른 애정을 가진 것도 백정으로 낙인찍
힌 신분을 바라보는 사회적 통념에 대한 분노 때문이었다. ≪박경리, 토지≫ /
싸움에 임하여 수성(守城) 장수는 항상 제일 무능하고 약한 자만이 맡게 되는
임무로 아는 통념이 있다. ≪유현종, 들불≫"
0653,DAY 22,즉흥적,즉흥적,卽興的,"곧 즉, 일 흥어조사, 적",2003수능,"관형사, , 명사","그 자리에서 일어나는 감흥이나 기분에 따라 하는. 또는 그런 것.
¶ 즉흥적 연설 / 즉흥적인 발상 / 사진 찍기를 끝마치고 학사모와 가운을 벗어서
챙기려다 말고 즉흥적으로 떠오른 어떤 생각으로 나는 그것을 이모에게 입히려
들었다. ≪박완서, 도시의 흉년≫"
0654,DAY 22,참조,참조02,參照,"참여할 참, 비칠 조",2003수능,명사,"참고로 비교하고 대조하여 봄.
¶ 관계 기사 참조 / 사진 참조."
0655,DAY 22,결함,결함01,缺陷,"이지러질, 결, 빠질 함",2003수능,명사,"부족하거나 완전하지 못하여 흠이 되는 부분.
¶ 성격상의 결함 / 아버지의 신장은 백십칠 센티미터, 체중은 삼십이 킬로그램이었
다. 사람들은 이 신체적 결함이 주는 선입관에 사로잡혀 아버지가 늙는 것을
몰랐다. ≪조세희, 난쟁이가 쏘아 올린 작은 공≫"
0656,DAY 22,변혁,변혁,變革,"변할 변, 가죽 혁",2003수능,명사,"급격하게 바꾸어 아주 달라지게 함. ≒ 혁
02.
¶ 변혁의 시대 / 변혁이 일어나다. / 일대 변혁을 일으키다. / 개혁파들은 변혁을
꿈꾸었다. / 산업 혁명은 우리 인간 생활 전반에 걸쳐서 커다란 변혁을 가져왔
다. / 사람들의 의식을 바꾸지 않는 한 사회의 변혁은 불가능하다."
0657,DAY 22,진위,진위01,眞僞,"참 진, 거짓 위",2003수능,명사,"참과 거짓 또는 진짜와 가짜를 통틀어 이르는 말. ≒ 안진04(贋眞)·진안02(眞贋).
¶ 진위를 가려내다. / 진위를 밝히다. / 진위를 판단하다. / 증언의 진위 여부를
알아내다. / 새로 발굴되었다는 유물의 진위에 대하여 학계에서 논란이 일고
있다."
0658,DAY 22,진흥,진흥,振興,"떨칠 진, 일 흥",2003수능,명사,"떨치어 일어남. 또는 떨치어 일으킴. ≒ 흥진(興振).
¶ 문예 진흥 / 진흥 사업 / 산업 진흥에 힘쓰다. / 미력하나마 앞으로는 관청에서
지휘하시는 대로, 우리 농촌의 진흥을 위해서 진력하겠으니, 여러분도 한맘 한
뜻으로 나아가 주기를 바라는 바이오. ≪심훈, 상록수≫"
0659,DAY 22,걸출하다,걸출하다,傑出,"하다, 뛰어날, 걸, 날, 출",2003수능,형용사,"남보다 훨씬 뛰어나다.
¶ 선생은 이 시대의 걸출한 학자이자 사상가이셨다. / 타자보다는 투수 중에 걸출
한 선수들이 많다."
0660,DAY 22,고루하다,고루하다01,固陋,"하다, 굳을, 고, 더러울, 루",2003수능,형용사,"낡은 관념이나 습관에 젖어 고집이 세고 새로운 것을 잘 받아들이지 아니하다.
¶ 고루한 인습 / 고루한 사고방식 / 고루한 선비."
0661,DAY 23,배제,배제03,排除,"밀칠 배, 덜 제",2003수능,명사,"받아들이지 아니하고 물리쳐 제외함.
¶ 폭력의 배제."
0662,DAY 23,중도적,중도적,中道的,"가운데, 중, 길 도어조사, 적",2003수능,"관형사, , 명사","어느 한쪽으로 치우치지 아니하고 가운데에 있는. 또는 그런 것.
¶ 중도적 인물 / 중도적 입장을 취하다. / 중도적인 세력 / 이번 선거에서는 중도
적이거나 온건적인 성향의 인물들이 패배하였다."
0663,DAY 23,자생적,자생적,自生的,"스스로, 자, 날 생, 어조사, 적",2003수능,"관형사, , 명사","저절로 나거나 생기는. 또는 그런 것.
¶ 자생적 조직 / 학생회 활동이 자율화되면서 여러 가지 모임이 자생적으로 생겨
났다."
0664,DAY 23,반론,반론,反論,"돌이킬 반, 논할 론",2003수능,명사,"(1) 남의 논설이나 비난, 논평 따위에 대하여 반박함. 또는 그런 논설.
¶ 반론을 제기하다. / 반론을 펴다. / 그의 주장은 곧 격렬한 반론에 부딪쳤다. /
환경 보호를 위해 공장을 축소하자는 주장에 대해 많은 사람들이 반론을 제기
했다.
(2) 앞서 따르던 색론(色論)을 배반하고 다른 색론을 따름."
0665,DAY 23,장려,장려03,奬勵,"장려할 장, 힘쓸 려",2003수능,명사,"좋은 일에 힘쓰도록 북돋아 줌.
¶ 저축 장려 / 나라의 개간 사업 장려는 양반들이 사유지를 확대하는 데 부채질을
해 주는 결과만 가져다주었다. ≪문순태, 타오르는 강≫"
0666,DAY 23,고찰,고찰02,考察,"생각할 고, 살필 찰",2003수능,명사,"어떤 것을 깊이 생각하고 연구함.
¶ 한국 문학에 대한 새로운 고찰 / 문화에 대한 고찰 없이 인간의 삶을 이해하는
것은 불가능하다."
0667,DAY 23,중재,중재02,仲裁,"버금 중, 마를 재",2003수능,명사,"(1) 분쟁에 끼어들어 쌍방을 화해시킴.
¶ 중재를 맡다. / 중재를 요청하다. / 중재를 받다. / 중재를 붙이다. / 중재를 들
다.
(2) {법률} 제삼자가 분쟁 당사자 사이에 들어 분쟁을 조정하고 해결하는 일. 제삼자의 결정
은 구속력을 가진다"
0668,DAY 23,수렴,수렴03,收斂,"거둘 수, 거둘 렴",2003수능,명사,"(1) 돈이나 물건 따위를 거두어들임.
(2) 의견이나 사상 따위가 여럿으로 나뉘어 있는 것을 하나로 모아 정리함.
¶ 여론 수렴 / 의견 수렴에 들어가다.
(3) 방탕한 사람이 몸과 마음을 단속함.
(4) 오그라들게 함.
(5) 조세 따위를 거두어들임.
(6) {수학} 수열에서, 어떤 일정한 수의 임의의 근방에 유한 개를 제외한 나머지 모든 항이
모여 있는 현상.
(7) {수학} 함수 ƒ(x)가 있을 때, 어떤 일정한 수의 임의의 근방에 a의 근방에 있는 모든 x
의 함숫값이 모여 있는 현상."
0669,DAY 23,쟁점,쟁점,爭點,"다툴 쟁, 점 점",2003수능,명사,"(1) 서로 다투는 중심이 되는 점. ≒ 이슈(1).
¶ 최대의 쟁점 / 정치적 쟁점 / 주요 쟁점으로 떠오르다.
(2) {법률} 소송 당사자 사이에 쟁송(爭訟)의 중심이 되는 내용. ≒ 이슈(2)."
0670,DAY 23,위상,위상02,位相,"자리 위, 서로 상",2003수능,명사,"어떤 사물이 다른 사물과의 관계 속에서 가지는 위치나 상태.
¶ 위상을 높이다. / 위상이 추락하다. / 국제 사회에서 우리나라의 위상을 강화해
야 한다."
0671,DAY 23,암시,암시01,暗示,"어두울 암, 보일 시",2002수능,명사,"(1) 넌지시 알림. 또는 그 내용.
¶ 암시가 깔리다. / 암시를 받다. / 암시를 주다. / 나라의 운명을 이순신이 홀로
바다 위에서 일으켜 놓았을 때, 이순신의 친구는 비로소 이 꿈은 하늘이 준 암
시였던 것을 깨달았던 것이다. ≪박종화, 임진왜란≫
(2) {문학} 뜻하는 바를 간접적으로 나타내는 표현법. ≒ 암시법.
(3) {심리} 감각, 관념, 의도 따위가 이성에 호소함이 없이 언어 자극을 통하여 다른 사람에
게 전달되는 현상."
0672,DAY 23,잠재,잠재02,潛在,"잠길 잠, 있을 재",2002수능,명사,"겉으로 드러나지 않고 속에 잠겨 있거나 숨어 있음.
¶ 잠재 능력 / 인간의 잠재 가능성 / 인플레 요인의 잠재가 표면화되었다."
0673,DAY 23,투사,투사02,投射,"던질 투, 쏠 사",2002수능,명사,"(1) 창이나 포탄 따위를 내던지거나 쏨.
(2) {물리} 하나의 매질(媒質) 속을 지나가는 소리나 빛의 파동이 다른 매질의 경계면에 이
르는 일.
(3) {심리} 어떤 상황이나 자극에 대한 해석, 판단, 표현 따위에 심리 상태나 성격이 반영되
는 일. ≒ 투영
02(投影)(4)"
0674,DAY 23,자아,자아01,自我,"스스로 자, 나 아",2002수능,명사,"(1) {심리} 자기 자신에 대한 의식이나 관념. 정신 분석학에서는 이드(id), 초자아와 함께 성
격을 구성하는 한 요소로, 현실 원리에 따라 이드의 원초적 욕망과 초자아의 양
심을 조정한다.
¶ 자아가 강하다.
(2) {철학} 대상의 세계와 구별된 인식·행위의 주체이며, 체험 내용이 변화해도 동일성을 지
속하여, 작용·반응·체험·사고·의욕의 작용을 하는 의식의 통일체. ≒ 나
[Ⅱ](2)·셀프·에고(1)·자기
03[Ⅰ](2).
¶ 자아를 찾다."
0675,DAY 23,감지,감지05,感知,"느낄 감, 알 지",2002수능,명사,"느끼어 앎.
¶ 감지 능력 / 음성 감지가 가능한 컴퓨터."
0676,DAY 23,변주,변주02,變奏,"변할 변, 아뢸 주",2002수능,명사,"{음악} 어떤 주제를 바탕으로, 선율·리듬·화성 따위를 여러 가지로 변형하여 연주함. 또는
그런 연주."
0677,DAY 23,대동,대동02,大同,"클 대, 한가지 동",2002수능,명사,"(1) 큰 세력이 합동함.
¶ 우리는 대동 화합의 정신으로 반대파와도 협력한다.
(2) 온 세상이 번영하여 화평하게 됨.
¶ 대동 세상.
(3) 조금 차이는 있어도 대체로 같음."
0678,DAY 23,절충,절충01,折衷,"꺾을 절, 속마음 충",2002수능,명사,"(1) 서로 다른 사물이나 의견, 관점 따위를 알맞게 조절하여 서로 잘 어울리게 함. ≒ 절중
02(折中).
(2) {심리} 대립하는 둘 이상의 욕구를 하나의 행동으로써 불완전하나마 동시에 만족시키려
고 하는 방어 기제."
0679,DAY 23,진출,진출02,進出,"나아갈 진, 날 출",2002수능,명사,"(1) 어떤 방면으로 활동 범위나 세력을 넓혀 나아감.
¶ 정계 진출 / 여성의 사회 진출이 점점 늘어나고 있다. / 해외 시장 진출에 회사
의 사활이 걸려 있다.
(2) 앞으로 나아감.
¶ 일본군과 경군은 거기 유리한 지대에다 진을 치고 동학군의 진출을 기다렸다.
≪유주현, 대한 제국≫"
0680,DAY 23,생동,생동02,生動,"살 생, 움직일 동",2002수능,명사,"(1) 생기 있게 살아 움직임.
¶ 날이 풀리는 거리거리는 어딘지 모르게 생동의 빛이 감돌고 애들도 밖에 나와서
놀았다. ≪오유권, 대지의 학대≫
(2) 그림이나 글씨 따위가 살아 움직이는 듯이 힘이 있음."
0681,DAY 23,초월,초월02,超越,"뛰어넘을, 초, 넘을 월",2002수능,명사,"어떠한 한계나 표준을 뛰어넘음. ≒ 초일
03(超逸)·초절
03(超絕)(2).
¶ 생사 초월 / 다시는 순수한 초월의 행위의 순간도 없이 그는 자기가 속해 있는
곳으로 돌아가서 기대도 없이 오래오래 살 것이다.
≪전혜린, 그리고 아무 말도 하지 않았다≫"
0682,DAY 23,논거,논거,論據,"논할 론, 근거 거",2002수능,명사,"어떤 이론이나 논리, 논설 따위의 근거. ≒ 이거
04(理據).
¶ 명백한 논거를 제시하다."
0683,DAY 23,협연,협연,協演,"화합할 협, 펼 연",2002수능,명사,"{음악} 한 독주자가 다른 독주자나 악단 따위와 함께 한 악곡을 연주함. 또는 그런 연주.
¶ 그는 이번 국제 무대에서 외국의 유명한 바이올리니스트와 두 차례의 협연을 가
질 예정이다."
0684,DAY 23,영합,영합01,迎合,"맞을 영, 합할 합",2002수능,명사,"(1) 사사로운 이익을 위하여 아첨하며 좇음.
¶ 오가는 교류가 아니고, 일방적으로 한쪽에서 한쪽으로만 가는 영합이란 점에 문
제는 있다. ≪김소운, 일본의 두 얼굴≫
(2) 서로 뜻이 맞음."
0685,DAY 23,맥락,맥락,脈絡,"줄기 맥, 이을 락",2002수능,명사,"(1) {의학} 혈관이 서로 연락되어 있는 계통.
(2) 사물 따위가 서로 이어져 있는 관계나 연관. ≒ 맥01(脈)(2).
¶ 맥락이 닿다. / 그 문제는 문화적인 맥락에서 생각해야 한다. / 경찰은 최근에
일어난 일련의 사건을 같은 맥락으로 파악하고 있었다. / 그는 맥락도 통하지
않는 말을 주절주절 지껄였다."
0686,DAY 23,타성,타성02,惰性,"게으를 타, 성품 성",2002수능,명사,"(1) 오래되어 굳어진 좋지 않은 버릇.
(2) 오랫동안 변화나 새로움을 꾀하지 않아 나태하게 굳어진 습성.
¶ 타성에 빠지다. / 타성에 젖다. / 타성에서 벗어나다. / 타성이 붙다. / 타성이
생기다. / 난 분명히 달라졌어. 나는 내가 달라졌는데도 다만 타성으로 무엇을
하고 싶지는 않아. ≪선우휘, 사도행전≫"
0687,DAY 23,약화,약화01,弱化,"약할 약, 될 화",2002수능,명사,"세력이나 힘이 약해짐. 또는 그렇게 되게 함.
¶ 국력의 약화."
0688,DAY 23,안착,안착,安着,"편안 안, 붙을 착",2002수능,명사,"(1) 어떤 곳에 무사하게 잘 도착함.
¶ 그는 식구들에게 안착을 알리는 전화를 했다.
(2) 마음의 흔들림 없이 어떤 곳에 착실하게 자리 잡음.
¶ 만세 소동이 있을 때는 남 먼저 흥분하고 날뛰었지만 주변이 가라앉고 보니 그
도 또한 가라앉았고 생활의 안착을 고맙게 생각하는 것이다. ≪박경리, 토지≫"
0689,DAY 23,관점,관점02,觀點,"볼 관, 점 점",2002수능,명사,"사물이나 현상을 관찰할 때, 그 사람이 보고 생각하는 태도나 방향 또는 처지.
¶ 관점이 다르다. / 특이한 관점을 지니다. / 인간에 대한 개념 규정은 관점에 따
라 다양하다. / 작가는 그 대상을 어떤 관점으로 보았는가?"
0690,DAY 23,결단,결단01,決斷,"결단할 결, 끊을 단",2002수능,명사,"결정적인 판단을 하거나 단정을 내림. 또는 그런 판단이나 단정. ≒ 단
18(1) ·단결
02(斷決).
¶ 결단을 내리다. / 그 일은 대통령의 결단과 지시로 이루어졌다. / 그는 한번 결
단을 내린 일은 절대로 바꾸지 않는다."
0691,DAY 24,고귀하다,고귀하다02,高貴,"하다, 높을, 고, 귀할, 귀",2002수능,형용사,"(1) 훌륭하고 귀중하다.
¶ 고귀한 문화재 / 호국 영령들의 고귀한 희생 정신을 기리다.
(2) 지체가 높고 귀하다.
¶ 고귀한 신분 / 성품이 고귀하다. / 그는 고귀한 가문에서 태어났다.
(3) 물건 따위가 귀하고 값이 비싸다.
¶ 고귀한 물건일수록 사람들에게 잘 알려져 있지 않다."
0692,DAY 24,역량,역량01,力量,"힘 력, 헤아릴 량",2002수능,명사,"어떤 일을 해낼 수 있는 힘.
¶ 역량 있는 지도자 / 역량을 기르다. / 역량을 발휘하다. / 그는 한 부서를 책임
지기에는 역량이 부족하다. / 당수라고 하면 인간으로서의 위신을 충분히 지키
며 투쟁을 일관할 수 있는 역량을 가진 사람이라야 한다. ≪이병주, 지리산≫"
0693,DAY 24,전개,전개02,展開,"펼 전, 열 개",2002수능,명사,"(1) 열리어 나타남.
(2) 시작하여 벌임.
(3) 내용을 진전시켜 펴 나감.
(4) 책이나 종이 따위를 열어서 펴거나 널찍하게 폄. ‘펼침’으로 순화.
(5) {군사} 모여 있던 부대가 작전을 펼치기 위하여, 가로 또는 세로로 확장·배치됨. 보통
밀집 대형에서 전투 대형으로 산개함으로써 부대 정면을 확대하는 것을 이른다.
(6) {음악} 작곡에서, 주제를 분석하고 발전시켜 여러 각도에서 자유로이 변화시키는 일."
0694,DAY 24,계승,계승02,繼承,"이을 계, 이을 승",2002수능,명사,"(1) 조상의 전통이나 문화유산, 업적 따위를 물려받아 이어 나감. ≒ 수계10(受繼).
¶ 전통문화의 계승과 발전
(2) 선임자의 뒤를 이어받음. ≒ 승계
02(承繼)(1)·승사
04(承嗣).
¶ 여러 외척 간에 왕위 계승을 둘러싼 권력 싸움이 벌어졌다."
0695,DAY 24,성과,성과01,成果,"이을 성, 실과 과",2002수능,명사,"이루어 낸 결실. ‘보람’으로 순화.
¶ 성과를 얻다. / 기대 이상의 성과를 올리다. / 이번 협상은 별다른 성과 없이 끝
났다. / 지금까지의 성과에 만족하지 않고 더 열심히 노력하겠다. / 한 주일이
지나도, 두 주일이 지나도 달수의 취직 행각은 역시 아무런 성과를 거두지 못
하는 것이었다.≪손창섭, 혈서≫"
0696,DAY 24,정체성,정체성01,正體性,"바를, 정, 몸 체, 성품, 성",2002수능,명사,"변하지 아니하는 존재의 본질을 깨닫는 성질. 또는 그 성질을 가진 독립적 존재. ≒ 아이덴
티티(1).
¶ 청소년기는 자신의 정체성을 확립하는 시기이다. / 한민족의 참된 정체성, 자존
그리고 자연을 짓밟아 말살하는 일본 제국주의 침략 정책과 교육에 대하여 거
부·저항하는…. ≪최명희, 혼불≫"
0697,DAY 24,구실,구실01,,,2002수능,명사,"자기가 마땅히 해야 할 맡은 바 책임.
¶ 사람 구실 / 아비 구실 / 제 구실을 다하다. / 그 아이는 여태껏 말썽만 피우더
니 이제야 사람 구실을 한답니다."
0698,DAY 24,신명,신명01,,,2002수능,명사,"흥겨운 신이나 멋.
¶ 신명이 나다. / 신명을 내다. / 신명을 떨다. / 수용자들은 신명도 나지 않아 억
지 춘향이 격으로 오락회를 하다가 다시 방으로 비실비실 몰려 들어가곤 했다.
≪황석영, 어둠의 자식들≫"
0699,DAY 24,모범,모범02,模範,"본뜰 모, 법 범",2002수능,명사,"본받아 배울 만한 대상. ≒ 모표
02(模表)·모해
01(模楷)·형범(刑範).
¶ 모범 학급 / 모범 답안지 / 모범을 보이다. / 모범으로 삼다. / 타의 모범이 되
다. / 부모는 자식에게 모범이 되어야 한다."
0700,DAY 24,논의,논의02,論議,"논할 론, 의논할 의",2002수능,명사,"어떤 문제에 대하여 서로 의견을 내어 토의함. 또는 그런 토의.
¶ 논의의 내용 / 심각한 논의 / 논의가 활발하다 / 논의의 여지가 많다. / 통일을
위한 논의가 한창 진행 중이다."
0701,DAY 24,검토,검토,檢討,"검사할 검, 칠 토",2002수능,명사,"어떤 사실이나 내용을 분석하여 따짐.
¶ 면밀한 검토 후에 결론을 내리자. / 이 문제는 많은 검토가 필요하다. / 검토가
끝나는 대로 결과를 발표할 예정이다. / 국회는 법안의 검토에 들어갔다. / 외
삼촌의 우익 활동이나 그 후의 장교 후보생 자원은 움직일 수 없는 주의 주장
밑에 치밀한 계산과 검토를 거쳐 이루어진 결과였다. ≪윤흥길, 장마≫"
0702,DAY 24,가급적,가급적,可及的,"옳을 가, 미칠 급, 어조사 적",2002수능,"Ⅰ, , 명사","(주로 ‘가급적이면’, ‘가급적으로’ 꼴로 쓰여) 할 수 있는 것. 또는 형편이 닿는 것.
¶ 가급적이면 빨리 가도록 해라. / 가급적이면 오는 게 좋을 것 같다. / 예산은 가
급적으로 적게 편성해라.
[Ⅱ] [부사]
할 수 있는 대로. 또는 형편이 닿는 대로.
¶ 가급적 빠른 시일 안에 일을 끝내도록 해라. / 가급적 많이 도와주시기 바랍니
다."
0703,DAY 24,용인,용인03,容認,"얼굴 용, 알 인",2002수능,명사,용납하여 인정함.
0704,DAY 24,정교하다,정교하다02,精巧,"하다, 정할, 정, 공교할, 교",2002수능,형용사,"(1) 솜씨나 기술 따위가 정밀하고 교묘하다.
¶ 정교하게 그리다. / 정교하게 만들다. / 보석을 정교하게 가공하다. / 나무에 칼
질을 하여 만든다 해도 이렇게 정교하게 깎고 다듬어 새길 수가 없을 듯싶었
다. ≪문순태, 피아골≫
(2) 내용이나 구성 따위가 정확하고 치밀하다.
¶ 생각이 정교하다. / 문장을 정교하게 다듬다. / 인간의 신체는 복잡하고 정교한
구조로 되어 있다."
0705,DAY 24,착실하다,착실하다,着實,"하다, 붙을, 착, 열매, 실",2002수능,형용사,"(1) 사람이 허튼 데가 없이 찬찬하며 실하다.
¶ 착실한 학생 / 착실하게 공부하다. / 그는 월급을 받는 대로 착실하게 저축했다.
/ 그 불량배는 겉보기에는 착실해 보였다.
(2) 일정한 기준이나 정도에 모자람이 없이 넉넉하다.
¶ 지금까지 온 거리가 20km는 착실하게 될 것이다."
0706,DAY 24,변수,변수06,變數,"변할 변, 셈 수",2002수능,명사,"(1) 어떤 상황의 가변적 요인.
¶ 투표 결과가 이번 협상에서 중요한 변수가 될 것이다. / 여론이 정책 결정에 변
수로 등장하였다.
(2) {수학} 어떤 관계나 범위 안에서 여러 가지 값으로 변할 수 있는 수. ≒ 부정원."
0707,DAY 24,반박,반박01,反駁,돌이킬 반논박할 반,2002수능,명사,"어떤 의견, 주장, 논설 따위에 반대하여 말함.
¶ 반박 성명 / 반박 논설 / 반박의 여지가 없는 완벽한 논리 / 그렇게 사사건건
반박만 하지 말고 건설적인 대안을 제시하시오. / 그 제안에 대해서는 아무런
반박이 없었다."
0708,DAY 24,엄연히,엄연히01,儼然,"히, 엄연할, 엄, 그럴, 연",2002수능,부사,"(1) 사람의 겉모양이나 언행이 의젓하고 점잖게.
¶ 왜장 한 명이 문루 정면을 바라보니 남문을 지키고 엄연히 걸터앉아 있는 사람
은 동래 부사 송상현이었다. ≪박종화, 임진왜란≫
(2) 어떠한 사실이나 현상이 부인할 수 없을 만큼 뚜렷하게.
¶ 어떠한 조직이든 엄연히 위계질서가 있는 법이다. / 비록 아버지의 피를 나눠
가졌다고는 하지만 엄연히 다른 배에서 났는데도 두 사람은 완전히 쌍둥이처럼
닮아 있었다. ≪최인호, 지구인≫"
0709,DAY 24,용례,용례,用例,"쓸 용, 법식 례",2002수능,명사,"쓰고 있는 예. 또는 용법의 보기.
¶ 용례의 색인 / 아래의 용례를 보고 문제를 풀어라. / 용례를 보여 주면 단어의
뜻을 더 정확히 알 수 있다."
0710,DAY 24,개가,개가03,凱歌,"개선할 개, 노래 가",2002수능,명사,"(1) 싸움에서 이기고 돌아올 때에 부르는 노래.
(2) 이기거나 큰 성과가 있을 때의 환성. ≒ 개선가(2).
¶ 이순신은 오랑캐를 묶은 채 군사들을 휘동하여 개가를 높이 부르면서 북병사가
있는 병영으로 들어갔다. ≪박종화, 임진왜란≫ / 간신히 화초밭 새에 숨어 쌔
근거리는 새를 덥석 뒤집어씌워서 잡고 말았다. 아이들의 입에서는 ‘으아’ 하고
개가가 올랐다. ≪염상섭, 십자매≫"
0711,DAY 24,난제,난제,難題,"어려울 난, 표제 제",2002수능,명사,"해결하기 어려운 일이나 사건. ≒ 난문
04(難問)(2)"
0712,DAY 24,활용,활용,活用,"살 활, 쓸 용",2002수능,명사,"(1) 충분히 잘 이용함.
¶ 컴퓨터의 보급으로 문서 작성에서 타자기의 활용 가치는 떨어졌다.
(2) {언어} 용언의 어간이나 서술격 조사에 변하는 말이 붙어 문장의 성격을 바꿈. 또는 그
런 일. 국어에서는 동사, 형용사, 서술격 조사의 어간에 여러 가지 어미가 붙는
형태를 이르는데, 이로써 시제·서법 따위를 나타낸다. ≒ 끝바꿈·씨끝바꿈·어미
변화."
0713,DAY 24,견해,견해02,見解,"볼 견, 풀 해",2002수능,명사,"사물이나 현상에 대한 자기의 의견이나 생각.
¶ 견해 차이 / 견해가 엇갈리다. / 견해를 내놓다. / 견해를 밝히다. / 견해를 피
력하다. / 그와 나는 견해를 달리한다. / 이번에는 그가 양보해야 한다는 견해
가 우세하다. / 나는 사랑의 최대 조건으로서 오해가 없어야 한다고 생각하고
있었는데 그 견해가 얄팍하다는 걸 깨달았다. ≪이병주, 행복어 사전≫"
0714,DAY 24,불가피하다,불가피하다,,,2002수능,형용사,"피할 수 없다.
¶ 정치의 개혁이 불가피하다. / 정부의 개방화 조치로 우리의 농산물과 외국의 농
산물 경쟁이 불가피하다."
0715,DAY 24,명제,명제02,命題,"목숨 명, 제목 제",2002수능,명사,"(1) 시문 따위의 글에 제목을 정함. 또는 그 제목.
(2) {논리} 어떤 문제에 대한 하나의 논리적 판단 내용과 주장을 언어 또는 기호로 표시한
것. 참과 거짓을 판단할 수 있는 내용이라는 점이 특징이다. 이를테면, ‘고래는
포유류이다.’ 따위이다."
0716,DAY 24,추론,추론02,推論,"밀 추, 논할 론",2002수능,명사,"(1) 미루어 생각하여 논함.
¶ 추론은 사실에 근거해야 한다. / 확실한 증거가 없이 추론에 의해서만 결론을
내리는 것은 위험하다.
(2) {논리} 어떠한 판단을 근거로 삼아 다른 판단을 이끌어 냄. ≒ 추리
04(推理)(2)."
0717,DAY 24,견실,견실03,堅實,"굳을 견, 열매 실",2002수능,명사,생각이나 태도 따위가 믿음직스럽게 굳고 착실함.
0718,DAY 24,점검,점검,點檢,"점 점, 검사할 검",2002수능,명사,"낱낱이 검사함. 또는 그런 검사. ≒ 검점(檢點)·반점
06(盤點).
¶ 시설 점검 / 장비 점검 / 우리는 인원 점검이 끝나자 곧바로 출발했다."
0719,DAY 24,분석,분석02,分析,"나눌 분, 쪼갤 석",2002수능,명사,"(1) 얽혀 있거나 복잡한 것을 풀어서 개별적인 요소나 성질로 나눔.
¶ 심리 분석 / 원인 분석 / 자료의 분석을 마쳤다.
(2) {논리} 개념이나 문장을 보다 단순한 개념이나 문장으로 나누어 그 의미를 명료하게 함.
(3) {철학} 복잡한 현상이나 대상 또는 개념을, 그것을 구성하는 단순한 요소로 분해하는
일.
(4) {화학} 물질의 성분, 즉 물질에 포함되어 있는 화합물, 단체, 원자, 분자의 조성과 함량
따위를 물리·화학적 방법을 써서 알아내는 일. 또는 그런 조작. 일반적으로 정량
분석과 정성 분석으로 크게 나눈다."
0720,DAY 24,증명,증명,證明,"증거 증, 밝을 명",2002수능,명사,"(1) 어떤 사항이나 판단 따위에 대하여 그것이 진실인지 아닌지 증거를 들어서 밝힘.
(2) 어떤 사실을 증명하는 문서.
(3) {논리} 어떤 명제나 판단 또는 진위를 정하는 근거를 표시함. 또는 그런 일. 어떤 명제
나 판단의 참과 거짓을 근본 원리나 공리로부터 바른 추론에 의하여 밝혀낸다.
(4) {수학} 어떤 정리나 공리로부터 추론에 의하여 다른 명제의 옳고 그름을 밝힘. 또는 그
런 일."
0721,DAY 25,확산,확산,擴散,"넓힐 확, 흩을 산",2002수능,명사,"흩어져 널리 퍼짐.
¶ 전염병의 확산을 막다."
0722,DAY 25,참신하다,참신하다02,斬新嶄新,"하다 벨 참, 새 신 하다, 가파를 참, 새 신",2002수능,형용사,"새롭고 산뜻하다.
¶ 참신한 디자인 / 참신한 생각 / 참신한 인물 / 대학 졸업 작품전에 출품한 그림
중에는 젊은이다운 기발함과 참신함이 돋보이는 작품이 많이 있었다."
0723,DAY 25,제안,제안02,提案,"끌 제, 책상 안",2002수능,명사,"안이나 의견으로 내놓음. 또는 그 안이나 의견.
¶ 시민의 제안 / 제안을 받아들이다. / 함께 일을 해 보자는 제안에 응하기로 했
다. / 각하, 만약 청국 정부에서 우리의 제안에 찬동하지 않으면 우리는 독력으
로써 조선 정부로 하여금 전술한 개혁을 단행하도록 나서야 합니다. ≪유주현,
대한 제국≫ / 순수한 학문적 목적만으로 독서회를 하자는 제안에 반대하는 학
생은 하나도 없었다. ≪이병주, 지리산≫"
0724,DAY 25,내포,내포02,內包,"안 내, 쌀 포",2002수능,명사,"(1) 어떤 성질이나 뜻 따위를 속에 품음.
(2) {논리} 개념이 적용되는 범위에 속하는 여러 사물이 공통으로 지니는 필연적 성질의 전
체. 형식 논리학상으로는 이것과 외연은 반대 방향으로 증가 혹은 감소한다."
0725,DAY 25,계열,계열,系列,"맬 계, 벌일 열",2002수능,명사,"(1) 서로 관련이 있거나 유사한 점이 있어서 한 갈래로 이어지는 계통이나 조직.
¶ 인문 계열 / 염상섭의 소설은 사실주의 계열의 작품이다.
(2) {경제} 기업의 결합 형태의 하나. 생산, 판매, 자본, 기술, 중역 파견 따위에 따라 대기
업 상호 간 또는 대기업과 중소기업 간에 볼 수 있는 기업 결합이다.
¶ 계열 산업."
0726,DAY 25,생소하다,생소하다,生疏,"하다, 날, 생, 생소할, 소",2002수능,형용사,"(1) 【…이】 어떤 대상이 친숙하지 못하고 낯이 설다.
¶ 길이 생소하여 어디가 어딘지 알 수가 없었다. ≪김구, 백범일지≫
(2) 익숙하지 못하고 서투르다.
¶ 가지각색의 일반 서무적인 잡무 등 그러나 일에 생소하고 서투른 나에게는 이렇
게 쭈르르 세어 내려가면 별로 신통치도 않아 보이는…. ≪김남천, 등불≫"
0727,DAY 25,유래,유래02,由來,"말미암을, 유, 올 래",2002수능,명사,"사물이나 일이 생겨남. 또는 그 사물이나 일이 생겨난 바. ≒ 내유
03(來由)·인의
06(因依).
¶ 한식의 유래 / 유래가 깊다. / 유래를 찾기 힘들다. / 이 민속 행사의 유래는
신라 때로 거슬러 올라간다. / 전설 중에는 특정한 풍속의 유래를 설명하는 것
이 많다."
0728,DAY 25,일반화,일반화,一般化,"한 일, 가지, 반, 될 화",2002수능,명사,"(1) 개별적인 것이나 특수한 것이 일반적인 것으로 됨. 또는 그렇게 만듦.
¶ 여러 현상의 일반화를 유도하다.
(2) {심리} 어떤 특정한 자극에 대한 반응이 형성된 뒤에, 그 자극과 다소 다른 자극을 주어
도 동일한 반응이 나타남. 또는 그런 일. ≒ 범화(汎化)."
0729,DAY 25,기성,기성08,旣成,"이미 기, 이룰 성",2002수능,명사,"(1) 이미 이루어짐. 또는 그런 것.
¶ 기성 체제 / 젊은이들은 기성의 문화를 거부했다.
(2) 신주를 만듦. 또는 그런 일."
0730,DAY 25,도입,도입,導入,"인도할 도, 들 입",2002수능,명사,"(1) 기술, 방법, 물자 따위를 끌어 들임.
¶ 차관 도입 / 첨단 장비의 도입 / 새로운 이론의 도입으로 학문이 발전하다. /
삼국 시대의 건축술은 불교의 도입과 함께 발전을 이루었다.
(2) {교육} 단원 학습에서 본격적인 수업에 들어가기 전의 첫 단계. 학습 동기의 유발, 앞선
학습과의 연계, 학습자의 진단, 문제의 제기, 교사와 학생 간의 학습 계획 따위
를 포함한다."
0731,DAY 25,일환,일환01,一環,"한 일, 고리 환",2002수능,명사,"(1) 줄지어 있는 많은 고리 가운데 하나.
(2) 서로 밀접한 관계로 연결되어 있는 여러 것 가운데 한 부분.
¶ 고속 도로 건설은 국토 개발의 일환이다. / 당국에서는 마침 불량배 선도책의
일환으로 정류장 뒤 하천 부지에 구두닦이들과 신문팔이들의 합숙소를 마련해
주었다. ≪홍성원, 흔들리는 땅≫"
0732,DAY 25,순화,순화08,醇化,"전국순 술, 될 화",2002수능,명사,"(1) 정성 어린 가르침으로 감화(感化)함.
¶ 청소년 순화 교육 / 청소년 선도에는 처벌보다는 순화가 앞서야 한다.
(2) 잡스러운 것을 걸러서 순수하게 함.
¶ 언어 순화.
(3) {미술} 재료를 취사선택하여 불순 요소를 없애는 일."
0733,DAY 25,조어,조어05,造語,"지을 조, 말씀 어",2002수능,명사,"(1) 새로 말을 만듦. 또는 그렇게 만든 말.
¶ 정치적 영향을 받은 조어는 언어생활에 좋지 않다.
(2) {언어} 실질 형태소에 다른 실질 형태소나 여러 가지 접사를 결합하여 새로운 단어를 만
드는 일."
0734,DAY 25,진부하다,진부하다,陳腐,"하다, 묵을, 진, 썩을, 부",2002수능,형용사,"사상, 표현, 행동 따위가 낡아서 새롭지 못하다.
¶ 진부한 표현 / 진부한 이야기 / 진부한 책들 / 그는 시대에 뒤떨어진 진부한 이
론을 폈다. / 생각이 너무 진부하다."
0735,DAY 25,보급,보급01,普及,"넓을 보, 미칠 급",2002수능,명사,"널리 펴서 많은 사람들에게 골고루 미치게 하여 누리게 함.
¶ 선진 문물의 보급 / 기술의 개발과 보급 / 국악 보급에 힘쓰다."
0736,DAY 25,차용,차용01,借用,"빌릴 차, 쓸 용",2002수능,명사,"(1) 돈이나 물건 따위를 빌려서 씀. ≒ 채용
02(債用).
¶ 차용 문서 / 미리 쌀가게 같은 데서 차용을 해서 조의금을 보낸 다음에 군민들
한테서 걷어서 갚도록 하는 것이 어떨까 싶습니다. ≪송기숙, 녹두 장군≫
(2) {언어} 다른 나라 언어에서 단어, 형태소, 문자나 개별적 표현 따위를 빌려다 씀. 또는
그런 일."
0737,DAY 25,조성,조성04,造成,"지을 조, 이룰 성",2002수능,명사,"(1) 무엇을 만들어서 이룸.
¶ 기금 조성 / 관광 단지 조성 / 시장은 대규모 유원지 조성을 추진하고 있다.
(2) 분위기나 정세 따위를 만듦.
¶ 면학 분위기 조성 / 독서 풍토 조성 / 두 나라의 정상은 양국 간 신뢰 조성을
위한 조치를 취했다."
0738,DAY 25,향상,향상01,向上,"향할 향, 윗 상",2002수능,명사,"실력, 수준, 기술 따위가 나아짐. 또는 나아지게 함.
¶ 기술 향상 / 소득 수준 향상 / 생활 수준 향상 / 노동자의 권익 향상에 힘쓰다."
0739,DAY 25,직무,직무,職務,"직분 직, 힘쓸 무",2002수능,명사,"직책이나 직업상에서 책임을 지고 담당하여 맡은 사무. ‘맡은 일’로 순화.
¶ 직무 수행 / 직무를 대행하다. / 위 사람은 맡은 바 직무에 충실하였으므로 이
상장을 수여함."
0740,DAY 25,획득,획득,獲得,"얻을 획, 얻을 득",2002수능,명사,"얻어 내거나 얻어 가짐.
¶ 부의 획득 / 메달 획득에 나서다. / 그는 국내 시장보다는 외화 획득을 위한 국
외 시장에 더 관심이 많다."
0741,DAY 25,준수,준수03,遵守,"쫓을 준, 지킬 수",2002수능,명사,"전례나 규칙, 명령 따위를 그대로 좇아서 지킴. ≒ 순수
04(循守).
¶ 안전 수칙 준수 / 준수 사항."
0742,DAY 25,논지,논지02,論旨,"논할 론, 뜻 지",2002수능,명사,"논하는 말이나 글의 취지.
¶ 논지를 분명히 하다. / 그의 논지를 요약하면 다음과 같다. / 우리는 그의 논지
에 공감한다. / 언제나 자기 나름의 기묘한 논지를 펴 나가는 그의 앞에서는
나는 늘 할 말을 잃고 그의 궤변을 다소곳이 들어 주었다.
≪홍성원, 무사와 악사≫"
0743,DAY 25,고려,고려01,考慮,"생각할 고, 살필 고, 생각할 려",2002수능,명사,"생각하고 헤아려 봄. ≒ 고사08(考思).
¶ 그 문제는 아직 고려 중이다. / 여유가 있으면 나 같은 상대도 대상자로 진지하
게 고려를 좀 해 줘. ≪김원우, 짐승의 시간≫"
0744,DAY 25,조화,조화07,調和,"고를 조, 화할 화",2002수능,명사,"서로 잘 어울림. ≒ 조균
02(調均)·해화(諧和)(1).
¶ 조화가 깨지다. / 조화를 이루다. / 그 연극은 무대 장치와 등장인물의 조화가
뛰어났다. / 두 눈과 하나의 코, 두 귀와 하나의 입으로 구성된 사람의 얼굴에
서 우리는 진실로 기능과 작용의 아름다운 조화를 볼 수 있다.
≪안병욱, 사색인의 향연≫"
0745,DAY 25,신선하다,신선하다03,新鮮,"하다, 새로울, 신, 고울, 선",2002수능,형용사,"(1) 새롭고 산뜻하다.
¶ 신선한 바람 / 신선한 감동 / 신선한 공기를 마시다
(2) 채소나 과일, 생선 따위가 싱싱하다.
¶ 제철에 나는 신선한 과일을 먹는 것이 맛도 좋고 영양가도 많다. / 술과 기름진
음식에 식상해 있다가 신선한 채소와 산채로만 된 밥을 먹어 보니 맛이 없을
수가 없지. ≪김성동, 만다라≫"
0746,DAY 25,감수,감수02,甘受,"달 감, 받을 수",2002수능,명사,책망이나 괴로움 따위를 달갑게 받아들임.
0747,DAY 25,주체,주체02,主體,"주인 주, 몸 체",2002수능,명사,"(1) 어떤 단체나 물건의 주가 되는 부분.
¶ 검찰 내부에서는 그 사건의 수사 주체를 놓고 신경전이 벌어졌다. / 국가의 주
체는 국민이다.
(2) 사물의 작용이나 어떤 행동의 주가 되는 것.
¶ 역사의 주체 / 가계는 중요한 경제 활동의 주체 가운데 하나이다. / 우리들 학
생은 학교의 학생인 동시에 한편으로는 학교 경영의 주체라고도 할 수가 있는
것이다. ≪채만식, 돼지≫ / 내 행동의 주체가 나 아닌 생판 남인 것 같은 고약
한 도착을 맛보기도 했다. ≪박완서, 도시의 흉년≫
(3) {언어} 문장 내에서 술어의 동작을 하거나 상태를 나타내는 대상.
(4) {철학} 실재하는 객관에 대립하는, 의식하는 주관.
(5) {법률} 다른 쪽에 대하여 의사나 행위를 미치는 쪽."
0748,DAY 25,독점적,독점적,獨占的,"홀로 독, 점령할 점, 어조사 적",2002수능,"관형사, , 명사","물건이나 자리 따위를 독차지하는. 또는 그런 것.
¶ 독점적 지위를 이용해 폭리를 취한 업자들이 적발되었다. / 그 나라는 소프트웨
어 산업에서 독점적인 위치에 있다."
0749,DAY 25,다원적,다원적,多元的,"많을 다, 근원 원, 어조사 적",2002수능,"관형사, , 명사","사물을 형성하는 근원이 많은. 또는 그런 것.
¶ 다원적 민주주의 / 냉전 체제가 붕괴된 국제 사회는 다원적인 체제가 되었다. /
인생과 정치를 좀 다원적으로 보는 것은 우리 사회에서는 여전히 터부에 속해.
≪최인훈, 회색인≫"
0750,DAY 25,극대화,극대화,極大化,"다할, 극, 클 대될 화",2002수능,명사,"아주 커짐. 또는 아주 크게 함.
¶ 효율성의 극대화 / 두뇌 기능의 극대화 / 이윤의 극대화 / 기업은 선전을 통하
여 매출의 극대화를 꾀한다."
0751,DAY 26,경향,경향02,傾向,"기울 경, 향할 향",2002수능,명사,"(1) 현상이나 사상, 행동 따위가 어떤 방향으로 기울어짐.
¶ 새로운 경향 / 현실 도피적 경향 / 상업주의 경향을 띤 소설 / 형식주의적 경향
에서 탈피하다.
(2) {심리} 일정한 자극에 대하여 일정한 반응을 보이는 유기체의 소질(素質). 또는 어떤 방
향을 향한 긴장 상태."
0752,DAY 26,전망,전망03,展望,"펼 전, 바랄 망",2002수능,명사,"(1) 넓고 먼 곳을 멀리 바라봄. 또는 멀리 내다보이는 경치.
¶ 탁 트인 전망 / 전망이 나쁘다 / 전망이 좋다
(2) 앞날을 헤아려 내다봄. 또는 내다보이는 장래의 상황.
¶ 도시 교통 문제의 현황과 전망 / 전망이 밝은 사업 / 전망이 어둡다. / 경기가
계속 좋으리라는 전망이 나왔다."
0753,DAY 26,증진,증진,增進,"더할 증, 나아갈 진",2002수능,명사,"기운이나 세력 따위가 점점 더 늘어 가고 나아감.
¶ 건강 증진 / 복리 증진 / 식욕 증진 / 양국의 우호 증진과 상호 협력 방안을 논
의하기 위한 회담이 개최되었다."
0754,DAY 26,치열,치열03,熾烈,"성할 치, 매울 열",2002수능,명사,"기세나 세력 따위가 불길같이 맹렬함.
¶ 앞으로 전쟁은 치열의 도를 더해 갈 것이니 그렇게 되면 상황은 더욱더 어렵게
될 것이 뻔했다. ≪이병주, 지리산≫"
0755,DAY 26,확보,확보01,確保,"굳을 확, 지킬 보",2002수능,명사,"확실히 보증하거나 가지고 있음. ‘갖춤’으로 순화.
¶ 비상식량 확보 / 경쟁력 확보 / 정보화 사회에서는 새로운 정보의 확보가 중요
하다."
0756,DAY 26,권장,권장02,勸奬,"권할 권, 장려할 장",2002수능,명사,"권하여 장려함. ≒ 장권(奬勸).
¶ 권장 사항."
0757,DAY 26,상충,상충03,相衝,"서로 상, 찌를 충",2002수능,명사,"맞지 아니하고 서로 어긋남.
¶ 두 나라 간의 이해관계의 상충으로 전쟁이 일어났다."
0758,DAY 26,존속,존속01,存續,"있을 존, 이을 속",2002수능,명사,"어떤 대상이 그대로 있거나 어떤 현상이 계속됨.
¶ 생명의 존속 / 세습 제도의 존속 / 보광당의 해산을 원하는 사람은 홍 도령 하
나뿐이고 전원이 존속을 원합니다. ≪이병주, 지리산≫"
0759,DAY 26,실현,실현,實現,"열매 실, 나타날 현",2002수능,명사,"꿈, 기대 따위를 실제로 이룸. ‘실제 이루어짐’으로 순화.
¶ 꿈의 실현 / 실현 단계 / 복지 사회 실현 / 이번 계획은 실현 가능성이 높다. /
자유롭고 평등한 사회의 실현은 인류의 영원한 꿈이다."
0760,DAY 26,동기,동기06,動機,"움직일 동, 틀 기",2002수능,명사,"(1) 어떤 일이나 행동을 일으키게 하는 계기.
¶ 범행의 동기 / 탈출 동기 / 작품을 쓰게 된 동기 / 동기를 유발하다. / 그 사건
은 처음에는 아주 단순한 동기에서 시작되었다.
(2) {음악} 음악 형식을 구성하는 가장 작은 단위."
0761,DAY 26,수행,수행02,遂行,"따를 수, 다닐 행",2002수능,명사,"생각하거나 계획한 대로 일을 해냄.
¶ 업무 수행 / 전쟁 수행에 필요한 군수품을 생산하다. / 정당은 국가의 중요한
정책 결정과 수행을 보조할 수 있어야 한다. / 전 사원은 직무 수행 능력을 향
상시켜야 한다."
0762,DAY 26,욕구,욕구,欲求慾求,"하고자 할, 욕, 구할 구, 욕심 욕, 구할 구",2002수능,명사,"무엇을 얻거나 무슨 일을 하고자 바라는 일.
¶ 욕구를 느끼다. / 복지에 대한 국민의 욕구가 점점 커지고 있다. / 구성원들의
다양한 욕구를 모두 충족시킬 수는 없다."
0763,DAY 26,환기,환기01,喚起,"부를 환, 일어날 기",2002수능,명사,"주의나 여론, 생각 따위를 불러일으킴.
¶ 의식의 환기 / 당국은 새 정책에 대한 여론의 환기를 위해 대대적인 홍보 행사
를 마련했다."
0764,DAY 26,역설,역설02,逆說,"거스릴 역, 말씀 설",2002수능,명사,"(1) 어떤 주의나 주장에 반대되는 이론이나 말.
(2) {논리} 일반적으로는 모순을 야기하지 아니하나 특정한 경우에 논리적 모순을 일으키는
논증. 모순을 일으키기는 하지만 그 속에 중요한 진리가 함축되어 있는 것으로
간주한다. ≒ 역변
01(逆辯)·패러독스.
¶ 신앙을 가지고 산다는 것은 이성으로는 믿기 어려운 역설을 순순히 받아들이는
것이다. ≪안병욱, 사색인의 향연≫"
0765,DAY 26,병치,병치02,竝置倂置,"나란히 병, 둘 치, 아우를 병, 둘 치",2002수능,명사,두 가지 이상의 것을 한곳에 나란히 두거나 설치함.
0766,DAY 26,반추,반추01,反芻,"돌이킬 반, 꼴 추",2002수능,명사,"(1) {동물} 한번 삼킨 먹이를 다시 게워 내어 씹음. 또는 그런 일. 소나 염소 따위와 같이
소화가 힘든 섬유소가 많이 들어 있는 식물을 먹는 포유류에서 볼 수 있다. ≒
되새김·새김질02.
¶ 소는 대답이 없었다. 딸랑딸랑 요령을 흔들며 그 큰 입을 오물오물 반추만 일삼
더란 것이었다. ≪이정환, 샛강≫
(2) 어떤 일을 되풀이하여 음미하거나 생각함. 또는 그런 일.
¶ 앞으로 그 충격 때문에 회한은 더 깊어지고 곰곰 반추에 반추를 거듭해야 할 것
인데도…. ≪박영한, 인간의 새벽≫"
0767,DAY 26,이입,이입,移入,"옮길 이, 들 입",2002수능,명사,"(1) 옮기어 들임.
(2) {경제} 한 나라 안에서, 어떤 지역의 생산품을 다른 지역에서 사들이거나 실어 들임."
0768,DAY 26,통용,통용,通用,"통할 통, 쓸 용",2002수능,명사,"(1) 일반적으로 두루 씀.
¶ 화폐의 통용
(2) 서로 넘나들어 두루 씀."
0769,DAY 26,강화,강화04,強化,"강할 강, 될 화",2002수능,명사,"(1) 세력이나 힘을 더 강하고 튼튼하게 함.
¶ 신체 강화 훈련 / 군사력 강화 / 왕권 강화.
(2) 수준이나 정도를 더 높임.
¶ 훈련의 강화 / 국제 경쟁력 강화 / 고객 서비스 강화."
0770,DAY 26,진술,진술02,陳述,"베풀 진, 펼 술",2002수능,명사,"일이나 상황에 대하여 자세하게 이야기함. 또는 그런 이야기. ≒ 신술01(申述)·전포08(展布).
¶ 진술을 듣다. / 문학 행위는 자기 진실의 가장 성실한 진술이라고 할 수 있다.
≪이청준, 조율사≫"
0771,DAY 26,원시,원시04,原始元始,"언덕 원, 비로소 시, 으뜸 원, 비로소 시",2002수능,명사,"(1) 시작하는 처음.
(2) 처음 시작된 그대로 있어 발달하지 아니한 상태.
¶ 원시 신앙 / 원시 밀림 지역 / 다른 교우들도 얼마 되지 않은 가재 집물을 챙겨
팔아 변비한 두메나 심심산중으로 숨어들어 원시에 가까운 비참한 생활을 할
수밖에 없었다. ≪한무숙, 만남≫"
0772,DAY 26,시상,시상11,詩想,"시 시, 생각 상",2002수능,명사,"(1) 시를 짓기 위한 착상이나 구상.
¶ 시상을 가다듬다. / 멋진 시상이 떠오르다.
(2) 시에 나타난 사상이나 감정.
(3) 시적인 생각이나 상념. ≒ 시사
13(詩思).
¶ 시상에 잠기다. / 들에 홀로 핀 들꽃을 보고 발걸음을 멈추고 깊은 시상에 잠겼
다."
0773,DAY 26,초점,초점03,焦點,"탈 조, 점 점",2002수능,명사,"(1) 사람들의 관심이나 주의가 집중되는 사물의 중심 부분.
(2) {연영} 사진을 찍을 때 대상의 영상이 가장 똑똑하게 나타나게 되는 점.
(3) {물리} 렌즈나 구면 거울 따위에서 입사 평행 광선이 한곳으로 모이는 점. 또는 어떤 점
을 통과하여 모두 평행 광선으로 될 때의 점.
(4) {수학} 타원, 쌍곡선, 포물선 따위의 위치 및 모양을 정하는 요소가 되는 점. 이들 곡선
위의 점으로부터 초점에 이르는 거리와 준선(準線)에 이르는 거리의 비는 일정하
다.
(5) {의학} 수정체가 원근에 따라 곡률(曲率)을 조절하여 대상을 가장 똑똑하게 볼 수 있도
록 맞추는 점."
0774,DAY 26,계기,계기04,契機,"맺을 계, 틀 기",2002수능,명사,"(1) 어떤 일이 일어나거나 변화하도록 만드는 결정적인 원인이나 기회.
¶ 사건의 계기 / 올림픽을 계기로 하여 사회 체육에 대한 관심이 높아졌다. / 이
번 일을 계기로 삼아 더욱 열심히 노력하자.
(2) {철학} 사물의 운동·변화·발전의 과정을 결정하는 본질적인 요소."
0775,DAY 26,독백,독백,獨白,"홀로 독, 흰 백",2002수능,명사,"(1) 혼자서 중얼거림.
¶ 나는 그의 독백을 엿들었다. / 그는 해가 저물도록 그 자리를 떠나지 않고 명상
과 독백을 연거푸 했다. ≪이기영, 신개지≫
(2) {연영} 배우가 상대역 없이 혼자 말하는 행위. 또는 그런 대사. 관객에게 인물의 심리
상태를 전달하는 데 효과적이다. ≒ 모놀로그."
0776,DAY 26,한정,한정01,限定,"한할 한, 정할 정",2002수능,명사,"수량이나 범위 따위를 제한하여 정함. 또는 그런 한도.
¶ 한정 수량 / 한정 인원 / 한정 판매."
0777,DAY 26,반영,반영01,反映,"돌아올 반, 비칠 영",2002수능,명사,"(1) 빛이 반사하여 비침.
(2) 다른 것에 영향을 받아 어떤 현상이 나타남. 또는 어떤 현상을 나타냄.
¶ 시대상의 반영 / 대학 입시에서 내신의 반영 비율이 높아졌다."
0778,DAY 26,반성적,반성적,反省的,"돌이킬 반, 살필 성, 어조사 적",2002수능,"관형사, , 명사","자신의 언행에 대하여 잘못이나 부족함이 없는지 돌이켜 보는. 또는 그런 것.
¶ 외국 문화의 수용에 대한 반성적 성찰 / 자신의 삶을 반성적으로 되짚어 보다.
/ 반성적인 태도를 보이다."
0779,DAY 26,비판적,비판적,批判的,"비평할 비, 판단할 판, 어조사 적",2002수능,"관형사, , 명사","사물의 옳고 그름을 판단하여 밝히거나 잘못된 점을 지적하는. 또는 그런 것.
¶ 그의 말이라면 무조건 따를 것이 아니라 때로는 비판적 태도를 보일 필요가 있
다."
0780,DAY 26,회의적,회의적,懷疑的,"품을 회, 의심할 의, 어조사 적",2002수능,"관형사, , 명사","어떤 일에 의심을 품는. 또는 그런 것.
¶ 회의적 시각 / 그런 늙은이들도 자기네가 가꾼 곡식을 제대로 거두게 될지에 대
해서 모두들 회의적이었다. ≪최일남, 거룩한 응달≫"
0781,DAY 27,불명료하다,불명료하다,,,2002수능,형용사,"분명하지 않거나 똑똑하지 않다.
¶ 우리의 질문에 몹시도 불명료한 대답이 그에게서 나왔다. / 예산안 산출 근거가
매우 불명료했다."
0782,DAY 27,호응,호응,呼應,"부를 호, 응할 응",2002수능,명사,"(1) 부름에 응답한다는 뜻으로, 부름이나 호소 따위에 대답하거나 응함.
¶ 국민의 호응과 격려 / 호응을 받다. / 호응을 얻다. / 호응에 힘입다. / 그의 빼
어난 웅변은 대중의 뜨거운 호응을 불러일으켰다.
(2) 서로 기맥이 통함.
(3) {언어} 앞에 어떤 말이 오면 거기에 응하는 말이 따라옴. 또는 그런 일. ‘결코’가 오면
서술어에 부정, ‘제발’이 오면 서술어에 청원, ‘아마’가 오면 서술어에 추측의 뜻
을 가지는 말이 오는 것 따위이다."
0783,DAY 27,탁월성,탁월성,卓越性,"높을 탁, 넘을 월, 성품 성",2002수능,명사,"남보다 두드러지게 뛰어난 성질.
¶ 이 약은 많은 임상 실험을 통해 그 탁월성이 입증되었다. / 나는 그 긴 세월을
들먹여 이 소설의 완숙도나 탁월성을 은근히 주장하려는 따위 한심한 짓거리를
할 마음은 추호도 없다. ≪이문열, 시대와의 불화≫"
0784,DAY 27,통찰,통찰01,洞察,"밝을 통, 살필 찰",2002수능,명사,"예리한 관찰력으로 사물을 꿰뚫어 봄.
¶ 밝은 이성에 의한 깊은 통찰과 굳센 의지에 의한 조용한 인내를 그는 무엇보다
도 강조한다. ≪안병욱, 사색인의 향연≫"
0785,DAY 27,속성,속성05,屬性,"무리 속, 성품 성",2002수능,명사,"(1) 사물의 특징이나 성질.
(2) {철학} 사물의 현상적 성질. ≒ 부성
02(附性).
¶ 신이라는 것은 정말 있고, 그 속성이 자비라면 나를 눈이 멀게 하라.
≪장용학, 위사가 보이는 풍경≫"
0786,DAY 27,절정,절정03,絕頂,"끊을 절, 정수리 정",2002수능,명사,"(1) 산의 맨 꼭대기. ≒ 극정
02.
¶ 우리는 갈데없이 물에 빠진 쥐 모양을 해 가지고 비로봉 절정에 있는 찻집으로
찾아드니…. ≪정비석, 비석과 금강산의 대화≫
(2) 사물의 진행이나 발전이 최고의 경지에 달한 상태. ≒ 정점
02(頂點)(2).
¶ 인기 절정에 오르다.
(3) {문학} 극(劇)이나 소설의 전개 과정에서 갈등이 최고조에 이르는 단계. ≒ 클라이맥스
01(2)."
0787,DAY 27,이상적,이상적01,理想的,"다스릴 리, 생각 상, 어조사 적",2002수능,,"[관형사] [명사] 생각할 수 있는 범위 안에서 가장 완전하다고 여겨지는. 또는 그런 것.
¶ 이상적 방안 / 이상적 사회 / 우리는 소크라테스를 통해서 철인(哲人)의 이상적
인간상을 볼 수 있다. / 짠맛을 잃은 소금 같은 남편은 정선에게는 이상적 남
편이 될 수는 없었다. ≪이광수, 흙≫"
0788,DAY 27,쾌감,쾌감,快感,"쾌할 쾌, 느낄 감",2002수능,명사,"상쾌하고 즐거운 느낌. ≒ 쾌03(快)(1)·쾌미01(快味).
¶ 쾌감에 젖다. / 우리는 시원한 쾌감을 느끼며 맥주를 마셨다. / 공포 영화를 보
면 스릴과 쾌감을 맛볼 수 있다. / 그 소리는 들을 적마다 내 가슴을 새로이
두근거리게 하고 교감 신경을 자극하여 이상한 쾌감으로 마취시키는 힘이 있었
다. ≪김원일, 도요새에 관한 명상≫"
0789,DAY 27,족보,족보02,族譜,"겨레 족, 족보 보",2002수능,명사,"(1) 한 가문의 계통과 혈통 관계를 적어 기록한 책. ≒ 성보
01(姓譜)·세지
03(世誌)·씨보.
¶ 족보에 오르다. / 아무리 팔아먹을 신주도 족보도 없는 갖바치기로서니 맷값으로
술 얻어먹었다는 얘긴 금시초문이라. ≪박경리, 토지≫
(2) 한 가문의 계통과 혈통 관계.
¶ 족보를 따지다. / 족보를 캐다. / 양반이라니까 덮어놓고 생원이라고 부르던 강
포수와는 달리 한마을에서 족보를 알고 있는 칠성은 김 위관 댁 나리라고 정확
하게 존칭을 붙여 주긴 했으나…. ≪박경리, 토지≫"
0790,DAY 27,어조,어조05,語調,"말씀 어, 고를 조",2002수능,명사,"(1) 말의 가락. ≒ 구조03.
¶ 비웃는 어조로 말하다. / 그는 늘 공손한 태도와 차분한 어조로 사람들을 대한
다. / 그의 목소리는 조그맣게 들렸지만 그 어조 속에는 나에 대한 대단한 분
노가 스며 있었다. ≪송영, 투계≫
(2) {언어} 음(音)의 상대적인 높이를 변하게 함. 또는 그런 변화. 음절 억양, 단어 억양, 문
장 억양 따위가 있다."
0791,DAY 27,지체,지체04,遲滯,"더딜 지, 늦을 지, 막힐 체",2002수능,명사,"(1) 때를 늦추거나 질질 끎.
¶ 잠시도 지체 말고 바로 집으로 돌아가시오. / 증서를 우체국으로 가지고 가자
지체 없이 일금 오천 원을 지불해 주던 것이었다. ≪오유권, 대지의 학대≫
(2) {법률} 의무 이행을 정당한 이유 없이 지연하는 일."
0792,DAY 27,추구,추구01,追求,"쫓을 추, 따를 추, 구할 구",2002수능,명사,"목적을 이룰 때까지 뒤좇아 구함.
¶ 이윤 추구 / 행복의 추구 / 기업은 영리 추구를 목적으로 한다."
0793,DAY 27,이념,이념,理念,"다스릴 리, 생각 념",2002수능,명사,"이상적인 것으로 여겨지는 생각이나 견해.
¶ 이념 대립 / 세상의 그 어떤 아름답고 숭고한 이념도 인간을 그 희생으로 요구
할 수는 없다는…. ≪이문열, 영웅시대≫"
0794,DAY 27,조정,조정09,調整,"고를 조, 가지런할, 정",2002수능,명사,"어떤 기준이나 실정에 맞게 정돈함.
¶ 선거구 조정 / 시내버스 노선의 조정 / 공공요금의 조정 / 회사의 구조 조정으
로 많은 부서가 재편되었다."
0795,DAY 27,충돌,충돌,衝突,"찌를 충, 갑자기 돌",2002수능,명사,"(1) 서로 맞부딪치거나 맞섬. ≒ 당돌
02(撞突).
¶ 자동차 충돌 / 의견 충돌 / 무력 충돌 / 온건파와 개혁파의 충돌 / 시위대와 경
찰의 격렬한 충돌로 많은 사람들이 다쳤다. / 친구 사이에 반감이 생기면서 마
침내 충돌을 일으켰다. / 쓸데없는 충돌을 피하기 위하여 자세를 누그러뜨렸다.
(2) {물리} 움직이는 두 물체가 접촉하여 짧은 시간 내에 서로 힘을 미침. 또는 그런 현상."
0796,DAY 27,패권주의,패권주의,,,2002수능,명사,{정치} 강대한 군사력을 배경으로 세계를 지배하려는 제국주의 정책.
0797,DAY 27,검토,검토,檢討,"검사할 검, 칠 토",2002수능,명사,"어떤 사실이나 내용을 분석하여 따짐.
¶ 면밀한 검토 후에 결론을 내리자. / 이 문제는 많은 검토가 필요하다. / 검토가
끝나는 대로 결과를 발표할 예정이다. / 국회는 법안의 검토에 들어갔다. / 외
삼촌의 우익 활동이나 그 후의 장교 후보생 자원은 움직일 수 없는 주의 주장
밑에 치밀한 계산과 검토를 거쳐 이루어진 결과였다. ≪윤흥길, 장마≫"
0798,DAY 27,원론,원론,原論,"근원 원, 논할 론",2002수능,명사,"근본이 되는 이론. 또는 그런 이론을 기술한 책.
¶ 경제 원론 / 기본이 충실하지 못한 학생은 원론부터 다시 배워야 한다."
0799,DAY 27,비약,비약03,飛躍,"날 비, 뛸 약",2002수능,명사,"(1) 나는 듯이 높이 뛰어오름.
(2) 지위나 수준이 갑자기 빠른 속도로 높아지거나 향상됨.
¶ 비약 승진 / 경제의 비약이 생활을 윤택하게 했다.
(3) 논리나 사고방식 따위가 그 차례나 단계를 따르지 아니하고 뛰어넘음.
¶ 논리의 비약이 심하다. / 문제에 대해 결론을 내릴 때에는 비약이 있어서는 안
된다.
(4) 바쁘고 힘차게 활동함."
0800,DAY 27,체계적,체계적,體系的,"몸 체, 맬 계, 어조사, 적",2002수능,"관형사, , 명사","일정한 원리에 따라서 낱낱의 부분이 짜임새 있게 조직되어 통일된 전체를 이루는. 또는 그
런 것.
¶ 체계적 분류 / 체계적 사고 / 체계적 연구를 통하여 얻어진 결론 / 체계적인 지
식 / 필요한 자료를 수집하여 체계적으로 정리했다."
0801,DAY 27,시급성,시급성,時急性,"때 시, 급할, 급, 성품, 성",2002수능,명사,시각을 다툴 만큼 절박하고 급한 상태의 성질.
0802,DAY 27,상호,상호04,相互,"서로 상, 서로 호",2002수능,,"[Ⅰ] [명사] 상대가 되는 이쪽과 저쪽 모두.
¶ 상호 이해 / 상호 신뢰 / 상호 관심사에 대해 의견을 교환하다.
[Ⅱ] [부사] 상대가 되는 이쪽과 저쪽이 함께.
¶ 상호 밀접한 영향 관계 / 남북한의 통일을 위해서는 상호 빈번한 대화와 교류가
필요하다."
0803,DAY 27,개방적,개방적,開放的,"열 개, 놓을, 방, 어조사, 적",2002수능,"관형사, , 명사","태도나 생각 따위가 거리낌 없고 열려 있는. 또는 그런 것.
¶ 개방적 성격 / 개방적 운영 / 개방적인 사람 / 개방적인 사고방식 / 개방적으로
보이다."
0804,DAY 27,정착,정착,定着,"정할 정, 붙을 착",2002수능,명사,"(1) 일정한 곳에 자리를 잡아 붙박이로 있거나 머물러 삶.
¶ 정착 생활 / 영원한 정착이 없듯 떠남도 영원한 것은 아니지 않을까.
≪박경리, 토지≫
(2) 다른 물건에 단단하게 붙어 있음.
(3) 새로운 문화 현상, 학설 따위가 당연한 것으로 사회에 받아들여짐.
¶ 정착 단계에 이르다.
(4) {생물} 생물이 새로운 장소로 이동하여 그곳에서 번식하는 일.
(5) {연영} 사진에서, 현상을 마친 뒤에 다시 감광하지 아니하도록 감광판에서 감광력을 없
애는 일."
0805,DAY 27,배타적,배타적,排他的,"밀칠 배, 다를 타, 어조사 적",2002수능,"관형사, , 명사","남을 배척하는. 또는 그런 것.
¶ 배타적 성격 / 배타적 민족주의 / 배타적 이기주의 / 배타적 감정 / 배타적 국
수주의 / 배타적인 태도 / 배타적인 기질 / 배타적인 관계 / 그의 태도는 너무
배타적이다. / 그들은 정권을 배타적으로 독점하려는 음모를 가지고 있다."
0806,DAY 27,갈등,갈등,葛藤,"칡 갈, 등나무 등",2002수능,명사,"(1) 칡과 등나무가 서로 얽히는 것과 같이, 개인이나 집단 사이에 목표나 이해관계가 달라
서로 적대시하거나 충돌함. 또는 그런 상태.
¶ 노사 간의 갈등 / 고부간의 갈등 / 세대 간의 갈등 / 갈등을 겪다.
(2) {문학} 소설이나 희곡에서, 등장인물 사이에 일어나는 대립과 충돌 또는 등장인물과 환
경 사이의 모순과 대립을 이르는 말.
¶ 현대 사회의 갈등 구조를 다룬 소설
(3) {심리} 두 가지 이상의 상반되는 요구나 욕구, 기회 또는 목표에 직면하였을 때, 선택을
하지 못하고 괴로워함. 또는 그런 상태. ≒ 갈등상태.
¶ 더 공부를 해야 할지, 결혼을 해야 할지 정말 갈등이다."
0807,DAY 27,분쟁,분쟁03,紛爭,"어지러울, 분, 다툴 쟁",2002수능,명사,"말썽을 일으키어 시끄럽고 복잡하게 다툼. ≒ 분경06(紛競).
¶ 어업 분쟁 / 영토 분쟁 / 영유권 분쟁 / 분쟁을 해결하다. / 분쟁에 휘말리다. /
적대 세력과의 분쟁을 야기하다."
0808,DAY 27,이해,이해06,理解,"다스릴 이, 풀 해",2002수능,명사,"(1) 사리를 분별하여 해석함.
¶ 철학이나 문학에 다 같이 이해가 깊은 분으로, 저로서도 평소에 존경을 아끼지
않았던 만큼…. ≪이청준, 지배와 해방≫
(2) 깨달아 앎. 또는 잘 알아서 받아들임.
¶ 따지고 보면 실은 충분히 이해가 가는 일이기도 했다. ≪윤흥길, 묵시의 바다≫
(3) 남의 사정을 잘 헤아려 너그러이 받아들임.
¶ 이해를 구하다."
0809,DAY 27,개요,개요,槪要,"대개 개, 요긴할 요",2002수능,명사,"간결하게 추려 낸 주요 내용.
¶ 세계사 개요 / 사건의 개요를 서술하다."
0810,DAY 27,치밀하다,치밀하다,緻密,"하다, 빽빽할, 치, 빽빽할, 밀",2002수능,형용사,"(1) 자세하고 꼼꼼하다. ≒ 밀치하다(密緻―)(1)·세치하다.
¶ 치밀한 계획 / 성격이 치밀하다.
(2) 아주 곱고 촘촘하다. ≒ 밀치하다(2).
¶ 무늬가 치밀하다."
0811,DAY 28,사례,사례05,事例,"일 사, 법식 례",2002수능,명사,"어떤 일이 전에 실제로 일어난 예.
¶ 구체적인 사례 / 사례를 들어 설명하다. / 이런 사례는 없었기 때문에 어떻게
처리해야 할지 모르겠다. / 육상 종목처럼 순발력을 필요로 하는 선수들의 약
물 복용 사례가 늘고 있다."
0812,DAY 28,유익,유익01,有益,"있을 유, 더할 익",2002수능,명사,"이롭거나 도움이 될 만한 것이 있음.
¶ 유익을 주다. / 네 숙제를 내가 대신 해 주면 네게 무슨 유익이 있겠니?"
0813,DAY 28,여론,여론02,輿論,"수레 여, 논할 론",2002수능,명사,"사회 대중의 공통된 의견. ≒ 공론
01(公論)(3)·세론
01(世論).
¶ 여론 정치 / 여론이 들끓다. / 여론에 따르다. / 여론을 등에 업다. / 여론을 반
영하다. / 여론을 수렴하다. / 여론을 형성하다. / 고위층의 비리를 밝히라는
여론이 일고 있다."
0814,DAY 28,처지,처지,處地,"곧 처, 땅 지",2002수능,명사,"처하여 있는 사정이나 형편. ≒ 지처01(地處).
¶ 처지가 딱하다. / 어려운 처지에 놓이다. / 나로서는 그럴 처지가 못 된다. / 그
와 나는 처지가 같아 쉽게 친해졌다. / 오빠의 속을 알기로서니 오빠의 처지나
제 처지로서는 어떻게 할 수 없는 사정이 아니에요. ≪심훈, 영원의 미소≫ /
식구를 데려올 처지는 아직 아니었으므로 서신 한 장을 들려 평사리에 사람을
보냈던 것이다. ≪박경리, 토지≫"
0815,DAY 28,논증,논증02,論證,"논할 론, 증거 증",2002수능,명사,"옳고 그름을 이유를 들어 밝힘. 또는 그 근거나 이유.
¶ 학문에서는 철저한 논증이 가장 중요하다. / 논증이 불가능한 일을 근거로 내세
울 수는 없다."
0816,DAY 28,두루,두루01,,,2002수능,부사,"빠짐없이 골고루.
¶ 나라 안을 두루 돌아다니다. / 그는 여러 가지 조건을 두루 갖춘 신랑감이다. /
그는 고위 관직을 두루 거쳤다. / 고등학교 중학교 국민학교 두루 다니고 있는
아이들에게 정례의 막된 행동은 해가 되었다. ≪한무숙, 어둠에 갇힌 불꽃들≫"
0817,DAY 28,미학,미학,美學,"아름다울, 미, 배울 학",2002수능,명사,{철학} 자연이나 인생 및 예술 따위에 담긴 미의 본질과 구조를 해명하는 학문. ≒ 심미학.
0818,DAY 28,타당하다,타당하다,妥當,"하다, 온당할, 타, 당할, 당",2002수능,,"[형용사] 일의 이치로 보아 옳다.
¶ 타당한 처사 / 타당한 방법 / 논리가 타당하다. / 너의 주장은 이 상황에서는
타당하지 않다. / 나는 이화경이란 그 여자의 의견이 타당하다고 생각했다.
≪이병주, 행복어 사전≫"
0819,DAY 28,핵심,핵심,核心,"씨 핵, 마음 심",2002수능,명사,"사물의 가장 중심이 되는 부분.
¶ 핵심 세력 / 핵심 인물 / 핵심을 찌르다. / 문제의 핵심을 집어내다. / 그 학생
은 핵심에서 벗어난 질문을 하였다."
0820,DAY 28,대담,대담03,對談,"대할 대, 말씀 담",2002수능,명사,"마주 대하고 말함. 또는 그런 말.
¶ 정상 대담 / 대담을 나누다."
0821,DAY 28,연출,연출02,演出,"펼 연, 날 출",2002수능,명사,"(1) {연영} 연극이나 방송극 따위에서, 각본을 바탕으로 배우의 연기, 무대 장치, 의상, 조
명, 분장 따위의 여러 부분을 종합적으로 지도하여 작품을 완성하는 일. 또는
그런 일을 맡은 사람.
¶ 조명 연출 / 연출을 맡다
(2) 규모가 큰 식(式)이나 집회 따위를 총지휘하여 효과적으로 진행함.
(3) 어떤 상황이나 상태를 만들어 냄."
0822,DAY 28,측면,측면,側面,"곁 측, 낯 면",2002수능,명사,"(1) 앞뒤에 대하여 왼쪽이나 오른쪽의 면.
¶ 측면 돌파 / 측면 지원 / 측면을 공격하다 / 측면으로 앉다.
(2) 사물이나 현상의 한 부분. 또는 한쪽 면.
¶ 긍정적 측면 / 교육적 측면 / 사회적인 측면 / 장기적인 측면 / 실용적 측면 /
그의 생각에는 또 다른 측면이 있었다.
(3) {수학} 모기둥, 모뿔 따위의 밑면 이외의 면."
0823,DAY 28,기법,기법01,技法,"재주 기, 법 법",2002수능,명사,"(1) 기교와 방법을 아울러 이르는 말.
(2) 기교를 나타내는 방법.
¶ 새로운 공예 기법을 보여 주는 작품 / 경영의 새로운 기법이 요구된다. / 두 작
품은 기법에서 차이가 난다. / 상감 청자는 상감법이라는 독특한 기법으로 만
들어졌다."
0824,DAY 28,유리하다,유리하다,有利,"하다, 있을, 유, 이로울, 리",2002수능,형용사,"【…에 / 에게】 이익이 있다.
¶ 기온이 높고 비가 많은 여름 계절풍은 벼농사에 특히 유리하다. / 전세는 우리
에게 유리하게 전개되어 갔다."
0825,DAY 28,동원,동원02,動員,"움직일 동, 인원 원",2002수능,명사,"(1) {군사} 전쟁 따위의 비상사태에 대처할 수 있도록 군의 편제를 평시 편제에서 전시 편제
로 옮기는 일. 병력을 소집하고 군수 물자를 징발하며, 모든 기관을 전시 체제
로 재편성하게 된다.
(2) 어떤 목적을 달성하고자 사람을 모으거나 물건, 수단, 방법 따위를 집중함.
¶ 노력 동원 / 자금 동원 능력 / 이 연극은 작품성뿐만 아니라 흥행성도 높아 관
객 동원에도 성공적이었다"
0826,DAY 28,제공,제공04,提供,"끌 제, 이바지할, 공",2002수능,명사,"무엇을 내주거나 갖다 바침.
¶ 숙식 제공 / 자료 제공 / 정보 제공 / 선거 기간에는 금품 및 향응 제공이 법으
로 금지되고 있다. / 범인의 가족 면회라든지 음식 제공이라든지 하는 건 우리
교도관들 권한입니다. ≪이호철, 문≫"
0827,DAY 28,보충,보충,補充,"도울 보, 채울 층",2002수능,명사,"부족한 것을 보태어 채움. ≒ 충보(充補).
¶ 보충 교육 / 보충 설명 / 보충 질문 / 영양 보충 / 냉각수 보충 / 학교 공부의
보충으로 학원에 다닌다. / 한번 소모된 지휘관 인력은 특히 짧은 기간 동안에
는 보충이 어려웠다. ≪이문열, 영웅시대≫"
0828,DAY 28,해소,해소03,解消,"풀 해, 사라질 소",2002수능,명사,"(1) 어려운 일이나 문제가 되는 상태를 해결하여 없애 버림.
¶ 교통난 해소 / 실업 문제의 해소 / 지역감정의 해소 대책을 세우다. / 스트레스
해소에 도움이 될 만한 것이 없겠습니까?
(2) 어떤 관계를 풀어서 없애 버림.
(3) 어떤 단체나 조직 따위를 없애 버림.
¶ 학생회의 해소."
0829,DAY 28,제기,제기06,提起,"끌 제, 일어날 기",2002수능,명사,"(1) 의견이나 문제를 내어놓음.
¶ 반론 제기 / 의혹 제기
(2) 소송을 일으킴.
¶ 소(訴)의 제기는 소장을 법원에 제출함으로써 이루어진다."
0830,DAY 28,유발,유발03,誘發,"꾈 유, 필 발",2002수능,명사,"어떤 것이 다른 일을 일어나게 함.
¶ 유발 요인 / 동기 유발 / 교통 체증 유발 / 암 유발 / 잠시 나의 뇌수는 어떤
감정의 유발도 중지하고 있었다. ≪이청준, 병신과 머저리≫"
0831,DAY 28,대등,대등04,對等,"대할 대, 무리 등",2002수능,명사,"서로 견주어 높고 낮음이나 낫고 못함이 없이 비슷함.
¶ 대등의 관계."
0832,DAY 28,예측,예측,豫測,"미리 예, 헤아릴 측",2002수능,명사,"미리 헤아려 짐작함. ≒ 예료(豫料)·예탁
02(豫度).
¶ 미래에 대한 예측 / 예측이 맞다 / 예측이 어긋나다 / 엉뚱한 그의 행동은 예측
을 불허한다. / 세상 사람들이 능히 예상도 못하고 예측도 못하는 엉뚱한 일이
며…. ≪김동인, 젊은 그들≫"
0833,DAY 28,난해하다,난해하다,難解,"하다, 어려울, 난, 풀, 해",2002수능,형용사,"(1) 뜻을 이해하기 어렵다.
¶ 난해한 문구 / 그의 시는 난해하기로 유명하다. / 갑자기 그 아이는 난해한 웃
음을 낄낄 웃었다. ≪최인호, 모범 동화≫
(2) 풀거나 해결하기 어렵다.
¶ 이 미분 방정식은 유난히 난해하다. / 난해한 문제는 그냥 놔두고 쉬운 문제부
터 풀어라."
0834,DAY 28,위임,위임,委任,"맡길 위, 맡길 임",2002수능,명사,"(1) 어떤 일을 책임 지워 맡김. 또는 그 책임. ≒ 위기03(委奇).
¶ 아버지로부터 공장을 관리하도록 위임을 받았다.
(2) {법률} 당사자 중 한쪽이 상대편에게 사무 처리를 맡기고 상대편은 이를 승낙함으로써
성립하는 계약."
0835,DAY 28,이해,이해03,利害,"이로울 이, 해칠 해",2002수능,명사,"이익과 손해를 아울러 이르는 말.
¶ 그는 무슨 말이든 이해로 따지기 전에 옳고 그름으로 따진다. / 이제 노사 간의
이해를 떠나 단결할 때이다."
0836,DAY 28,호응,호응,呼應,"부를 호, 응할 응",2002수능,명사,"(1) 부름에 응답한다는 뜻으로, 부름이나 호소 따위에 대답하거나 응함.
¶ 국민의 호응과 격려 / 호응을 받다. / 호응을 얻다. / 호응에 힘입다. / 그의 빼
어난 웅변은 대중의 뜨거운 호응을 불러일으켰다.
(2) 서로 기맥이 통함.
(3) {언어} 앞에 어떤 말이 오면 거기에 응하는 말이 따라옴. 또는 그런 일. ‘결코’가 오면
서술어에 부정, ‘제발’이 오면 서술어에 청원, ‘아마’가 오면 서술어에 추측의 뜻
을 가지는 말이 오는 것 따위이다."
0837,DAY 28,간주,간주01,看做,"볼 간, 지을 주",2002수능,명사,"상태, 모양, 성질 따위가 그와 같다고 봄. 또는 그렇다고 여김."
0838,DAY 28,어법,어법02,語法,"말씀 어, 법 법",2002수능,명사,"{언어} 말의 일정한 법칙. ≒ 말법01.
¶ 어법에 맞다. / 어법에 어긋나다. / 손윗사람에게 존댓말을 하는 것이 우리말의
어법이다."
0839,DAY 28,창안,창안01,創案,"비롯할 창, 책상 안",2002수능,명사,"어떤 방안, 물건 따위를 처음으로 생각하여 냄. 또는 그런 생각이나 방안.
¶ 창안에 몰두하다. / 즉위 후의 여러 사업에서 보면 세종은 두뇌가 명석하고 여
러 가지 창안에 뛰어난 인물임을 알 수 있다. ≪이숭녕, 대학가의 파수병≫"
0840,DAY 28,극적,극적01,劇的,"심할 극, 어조사 적",2002수능,"관형사, , 명사","(1) 극의 특성을 띤. 또는 그런 것.
¶ 극적 분위기 / 극적 갈등 / 극적 요소 / 극적 효과 / 극적인 아이러니 수법 /
극적인 어투.
(2) 극을 보는 것처럼 큰 긴장이나 감동을 불러일으키는. 또는 그런 것.
¶ 극적 만남 / 극적 탈출 / 극적인 순간 / 극적인 기적 / 노사 협정이 극적으로
타결되다 / 헤어졌던 부부가 40년 만에 극적으로 만났다."
